Movie Title,Movie Codec,File Size,Folder Name,Multiple Movie Files? (Y/N),Additional Movie Files
Red.2.2013.720p.BluRay.x264.YIFY.mp4,AVC,910037127,Red 2,N,
Aquaman.2018.2160p.4K.BluRay.x265.10bit.AAC5.1-[YTS.MX].mkv,HEVC,7447847517,Aquaman (2018),N,
Bruce Almighty (2003) WEBDL-1080p.mkv,HEVC,1780181686,Bruce Almighty,N,
The Land Before Time - The Great Valley Adventure (1994) WEBRip-1080p.mp4,HEVC,1234345703,The Land Before Time - The Great Valley Adventure (1994),N,
Easy A (2010) Bluray-1080p.mp4,AVC,4292740002,Easy A,N,
Kingsman - The Golden Circle (2017) Bluray-1080p.mkv,AVC,2848957686,Kingsman - The Golden Circle (2017),N,
Jeff Dunham - All Over the Map (2014) Bluray-720p.mp4,AVC,1083225546,Jeff Dunham - All Over the Map (2014),N,
The Return of Jafar (1994) Bluray-1080p.mkv,AVC,3497316821,Aladdin -The Return of Jafar,N,
Dragon Ball Super - Super Hero (2022) WEBDL-1080p.mkv,HEVC,2140346262,Dragon Ball Super - Super Hero (2022),N,
Fullmetal Alchemist the Movie - Conqueror of Shamballa (2005) Bluray-1080p.mkv,HEVC,3205721164,Fullmetal Alchemist the Movie - Conqueror of Shamballa (2005),N,
Star Trek - The Captains' Summit (2009) Bluray-720p.mkv,AVC,2350280377,The Captains,Y,The Captains.avi
The Captains.avi,MPEG-4 Visual,734715904,The Captains,Y,Star Trek - The Captains' Summit (2009) Bluray-720p.mkv
Rise of the Guardians.mkv,AVC,4191063859,Rise of the Guardians (2012),Y,Rise of the Guardians-trailer.mov
Rise of the Guardians-trailer.mov,AVC,112414279,Rise of the Guardians (2012),Y,Rise of the Guardians.mkv
Ocean's Twelve (2004) Bluray-1080p.mp4,AVC,2565348009,Ocean's Twelve (2004),N,
Monty Python and the Holy Grail (1975) Bluray-1080p.mkv,AVC,3481787075,Monty Python,Y,monty python - quest for the holy grail.avi
monty python - quest for the holy grail.avi,MPEG-4 Visual,733739008,Monty Python,Y,Monty Python and the Holy Grail (1975) Bluray-1080p.mkv
Dolittle (2020) Bluray-1080p.mkv,AVC,4717906911,Dolittle (2020),N,
Despicable.Me.2.2013.1080p.BluRay.x264.YIFY.mp4,AVC,1553988533,Despicable Me 2,N,
The Super Mario Bros. Movie (2023) Bluray-2160p.mkv,HEVC,2959428891,The Super Mario Bros. Movie (2023),N,
Thor-trailer.mov,AVC,101808127,Thor (2011),Y,Thor.mkv
Thor.mkv,AVC,7040432768,Thor (2011),Y,Thor-trailer.mov
Men in Black II (2002) Bluray-1080p.mp4,AVC,3180070091,Men in Black II (2002),N,
Despicable Me 3 (2017) Bluray-1080p.mkv,AVC,7039707829,Despicable Me 3 (2017),N,
The Lion King (2019) Bluray-1080p Proper.mkv,AVC,9388006553,The Lion King (2019),N,
Sing (2016) Bluray-1080p.mp4,AVC,4292596318,Sing (2016),N,
Hercules.1997.720p.HDTV.DD5.1.x264-CtrlHD.mkv,AVC,2957247312,Hercules,N,
Hercules.1997.720p.HDTV.DD5.1.x264-CtrlHD.mkv.md5,,81,LOGS,N,
c-herc-jp.log,,516,LOGS,N,
x264.log,,4476,LOGS,N,
The Duchess (2008) Bluray-1080p.mp4,AVC,1613623404,The Duchess (2008),N,
Blue Beetle (2023) WEBDL-1080p.mkv,AVC,6977774611,Blue Beetle (2023),N,
Hacksaw Ridge (2016) Bluray-1080p.mp4,AVC,4292979179,Hacksaw Ridge (2016),N,
The.Nut.Job.2014.1080p.BluRay.x264.YIFY.mp4,AVC,1334413316,The Nut Job,N,
August Rush (2007) Bluray-1080p.mkv,AVC,5311754954,August Rush,N,
Hackers (1995) Bluray-1080p.mp4,AVC,1761438802,Hackers (1995),N,
Star Trek - First Contact (1996) Bluray-1080p.mkv,AVC,9390654415,Star Trek - First Contact (1996),N,
The Smurfs[2011]BRRip XviD-ExtraTorrentRG.avi,MPEG-4 Visual,732457968,The Smurfs,N,
Jeff Dunham - Minding the Monsters (2012) Bluray-720p.mp4,AVC,1039859223,Jeff Dunham - Minding the Monsters (2012),N,
Kong Skull Island (2017) Bluray-1080p.mp4,AVC,4292864421,Kong Skull Island (2017),N,
1989 - The Little Mermaid.avi,MPEG-4 Visual,712847360,The Little Mermaid,N,
Dawn of the Planet of the Apes (2014) Bluray-1080p.mkv,HEVC,2263855051,Dawn of the Planet of the Apes (2014),N,
Fate+stay night - Heaven's Feel I. Presage Flower (2017) Bluray-1080p.mkv,HEVC,1611948842,Fate+stay night - Heaven's Feel I. Presage Flower (2017),N,
A Bug's Life (1998) Bluray-1080p.mp4,AVC,1551909234,A Bug's Life (1998),N,
The Three Musketeers (1993) Bluray-1080p.mp4,AVC,2159484667,The Three Musketeers (1993),N,
Indiana Jones and the Kingdom of the Crystal Skull (2008) Bluray-1080p.mp4,AVC,3192693008,Indiana Jones and the Kingdom of the Crystal Skull (2008),N,
Dunkirk (2017) Bluray-1080p.mkv,AVC,9381845077,Dunkirk (2017),N,
XMen First Class.avi,MPEG-4 Visual,7489683228,X-Men - First Class,N,
1998 - The Lion King 2 - Simba's Pride.avi,MPEG-4 Visual,589879296,The Lion King 2 - Simba's Pride,N,
Spider.Man.2.2004.1080p.BluRay.x264.YIFY.mp4,AVC,2093388601,Spider Man 2,N,
Wrath of the Titans.avi,MPEG-4 Visual,6019536550,Wrath of the Titans,N,
Sonic the Hedgehog 2 (2022) WEBDL-1080p.mkv,AVC,5093701235,Sonic the Hedgehog 2 (2022),N,
1942 - Bambi.avi,MPEG-4 Visual,733067264,Bambi,N,
We're.the.Millers.2013.720p.BluRay.x264.YIFY.mp4,AVC,911602334,We're the Millers,N,
Spider-Man - Across the Spider-Verse (2023) WEBDL-1080p REAL.mkv,AVC,10991555113,Spider-Man - Across the Spider-Verse (2023),N,
The Incredibles (2004) Bluray-1080p.mkv,HEVC,6360241561,The Incredibles,Y,The Incredibles.avi
The Incredibles.avi,MPEG-4 Visual,731065288,The Incredibles,Y,The Incredibles (2004) Bluray-1080p.mkv
Knights of the Zodiac (2023) Bluray-1080p.mkv,HEVC,10715052987,Knights of the Zodiac (2023),N,
George of the Jungle (1997) Bluray-1080p.mkv,HEVC,9093403830,George of the Jungle (1997),N,
Star Trek V - The Final Frontier (1989) Bluray-1080p Proper.mkv,AVC,9389952914,Star Trek V - The Final Frontier (1989),N,
Cloudy.with.a.Chance.of.Meatballs.720p.BluRay.x264.YIFY.mp4,AVC,577754084,Cloudy with a Chance of Meatballs,Y,Cloudy with a Chance of Meatballs (2009) Bluray-1080p.mkv
Cloudy with a Chance of Meatballs (2009) Bluray-1080p.mkv,AVC,7568750517,Cloudy with a Chance of Meatballs,Y,Cloudy.with.a.Chance.of.Meatballs.720p.BluRay.x264.YIFY.mp4
Rush Hour 3 (2007) Bluray-1080p.mp4,HEVC,1517963740,Rush Hour 3,N,
The Waterboy (1998) Bluray-1080p.mp4,HEVC,1500161958,The Waterboy,N,
The Waterboy.m2ts,AVC,4292192256,The Waterboy,N,The Waterboy (1998) Bluray-1080p.mp4
Zack and Miri Make a Porno (2008) Bluray-1080p.mp4,HEVC,1694800560,Zach and Miri Make a Porno,Y,Zach and Miri Make a Porno.avi
Zach and Miri Make a Porno.avi,MPEG-4 Visual,734652416,Zach and Miri Make a Porno,Y,Zack and Miri Make a Porno (2008) Bluray-1080p.mp4
Return of the Jedi (1983) Bluray-1080p.mp4,HEVC,2398091425,Return of the Jedi (1983),N,
The Empire Strikes Back (1980) Bluray-1080p.mp4,HEVC,2098748995,The Empire Strikes Back (1980),N,
arw-youthir-dvdrip-xvid.avi,MPEG-4 Visual,731009024,Youth In Revolt,N,
Clash of the Titans (2010) Bluray-1080p.mp4,HEVC,1775845085,Clash of the Titans (2010),N,
2006 - Leroy & Stitch.avi,MPEG-4 Visual,700789486,Leroy & Stitch,N,
Maleficent Mistress of Evil (2019) Bluray-1080p.mkv,AVC,5528235171,Maleficent Mistress of Evil (2019),N,
Gulliver's Travels (2010) Bluray-1080p.mp4,AVC,4294216667,Gulliver's Travels,Y,Gulliver's Travels.avi
Gulliver's Travels.avi,MPEG-4 Visual,736177932,Gulliver's Travels,Y,Gulliver's Travels (2010) Bluray-1080p.mp4
Scary Movie 4 (2006) Bluray-1080p.mkv,AVC,8533356609,Scary Movie 4 (2006),N,
Up.2009.1080p.Bluray.DTS.x264-SHiTSoNy.mkv,AVC,8530409718,Up (2009),N,
el dorado.avi,MPEG-4 Visual,957596646,Road to El Dorado,N,
Snatched (2017) Bluray-1080p.mp4,AVC,4289216194,Snatched (2017),N,
done-hangover-xvid.avi,MPEG-4 Visual,733929472,The Hangover (2009),Y,The Hangover (2009) Bluray-1080p.mkv
The Hangover (2009) Bluray-1080p.mkv,AVC,4404854104,The Hangover (2009),Y,done-hangover-xvid.avi
done-hangover-sample.avi,MPEG-4 Visual,6707200,Sample,N,
A Wrinkle in Time (2018) Bluray-1080p.mkv,AVC,11901041946,A Wrinkle in Time (2018),N,
The Last Voyage of the Demeter (2023) WEBRip-1080p.mkv,HEVC,6251806233,The Last Voyage of the Demeter (2023),N,
Transformers (2007) Bluray-1080p.mkv,AVC,13237644722,Transformers (2007),N,
Austin Powers in Goldmember (2002) Bluray-1080p.mkv,AVC,8530940011,Austin Powers in Goldmember (2002),N,
Mulan (2020) WEBDL-2160p.mkv,AVC,12061991202,Mulan (2020),N,
Madagascar 2005.1080p.BrRip.x264.YIFY.mp4,AVC,1072977374,Madagascar,N,
TRON Legacy (2010) DVDRip XviD-MAXSPEED www.torentz.3xforum.ro.avi,MPEG-4 Visual,1590731424,TRON Legacy,N,
The League Of Extraordinary Gentlemen.mp4,AVC,2319953913,The League Of Extraordinary Gentlemen,N,
The League Of Extraordinary Gentlemen Sample.mp4,AVC,14726178,"Subtitle,Sample,info",N,
The Mask (1994) Bluray-1080p.mkv,AVC,8531853831,The Mask (1994),N,
Role Models (2008) Bluray-1080p.mp4,HEVC,1691917859,Role Models,Y,Role.Models.BrRip.720p.x264.YIFY.mkv
Role.Models.BrRip.720p.x264.YIFY.mkv,AVC,523609789,Role Models,Y,Role Models (2008) Bluray-1080p.mp4
2008 - The Little Mermaid - Ariel's Beginning.avi,MPEG-4 Visual,735485952,The Little Mermaid - Ariel's Beginning,N,
Oz.the.Great.and.Powerful.2013.720p.BluRay.x264.YIFY.mp4,AVC,971766040,Oz the Great and Powerful,N,
Black Panther - Wakanda Forever (2022) Bluray-1080p.mp4,AVC,3302394170,Black Panther - Wakanda Forever (2022),N,
The Hunger Games - Mockingjay - Part 1 (2014) Bluray-1080p.mkv,AVC,8532422452,The Hunger Games Mockingjay - Part 1,Y,The Hunger Games Mockingjay - Part 1.mkv
The Hunger Games Mockingjay - Part 1.mkv,AVC,3589850830,The Hunger Games Mockingjay - Part 1,Y,The Hunger Games - Mockingjay - Part 1 (2014) Bluray-1080p.mkv
Star Wars The Force Awakens.mkv,AVC,5062396620,Star Wars The Force Awakens (2015),N,
American Pie.mkv,AVC,5615660735,American Pie (1999),N,
Fantastic Four.avi,MPEG-4 Visual,1525004288,Fantastic Four (2015),N,
Watchmen (2009) Bluray-1080p.mkv,AVC,7681580639,Watchmen (2009),N,
Cars.2.2011.Hybrid.1080p.BluRay.x264-EbP.mkv,AVC,8365027305,Cars 2 (2011),N,
Ghostbusters - Afterlife (2021) Bluray-2160p.mkv,HEVC,14052601398,Ghostbusters - Afterlife (2021),N,
The.Lone.Ranger.2013.720p.BluRay.x264.YIFY.mp4,AVC,1035289482,The Lone Ranger,N,
2002 - The Hunchback of Notre Dame II.avi,MPEG-4 Visual,733067264,The Hunchback of Notre Dame II,N,
Spaceballs.1987.720p.BluRay.x264.YIFY.mp4,AVC,629665631,Spaceballs,N,
The Other Guys (2010) Bluray-1080p.mkv,AVC,9392450493,The Other Guys,Y,The Other Guys.avi
The Other Guys.avi,MPEG-4 Visual,732188796,The Other Guys,Y,The Other Guys (2010) Bluray-1080p.mkv
The Prince Of Egypt [1998].m4v,AVC,2099440773,The Prince Of Egypt,N,
The.Avengers.2012.1080p.BluRay.x264.YIFY.mp4,AVC,2358359343,The Avengers,N,
The Craft.mp4,AVC,2068278793,"Craft, The (1996)",N,
The Amazing Spider-Man (2012) Bluray-1080p.mp4,HEVC,2280176217,The Amazing Spiderman,Y,The Amazing Spiderman.avi
The Amazing Spiderman.avi,MPEG-4 Visual,1473212416,The Amazing Spiderman,Y,The Amazing Spider-Man (2012) Bluray-1080p.mp4
1995 - Pocahontas.avi,MPEG-4 Visual,733792256,Pocahontas,N,
The Prestige (2006) Bluray-1080p.mp4,HEVC,2183465118,The Prestige,N,
2000 - An Extremely Goofy Movie.avi,MPEG-4 Visual,734468096,An Extremely Goofy Movie,N,
Interstellar.mkv,AVC,1842348032,Interstellar (2014),N,
1993 - The Nightmare Before Christmas.avi,MPEG-4 Visual,734683136,The Nightmare Before Christmas,N,
2002 - Treasure Planet.avi,MPEG-4 Visual,951043526,Treasure Planet,N,
The.Expendables.3.2014.720p.BluRay.x264.YIFY.mp4,AVC,915674777,The Expendables 3,N,
Star Wars - The Rise of Skywalker (2019) Bluray-2160p.mkv,HEVC,5047532815,Star Wars The Rise of Skywalker (2019),N,
Shakespeare.In.Love.mkv,AVC,631150037,Shakespeare In Love,N,
Teenage Mutant Ninja Turtles Out of the Shadows-trailer.mov,AVC,91094727,Teenage Mutant Ninja Turtles Out of the Shadows (2016),Y,Teenage Mutant Ninja Turtles Out of the Shadows.mp4
Teenage Mutant Ninja Turtles Out of the Shadows.mp4,AVC,4293109954,Teenage Mutant Ninja Turtles Out of the Shadows (2016),Y,Teenage Mutant Ninja Turtles Out of the Shadows-trailer.mov
Kung Fu Panda (2008) Bluray-1080p.mp4,AVC,1888465838,Kung Fu Panda (2008),N,
2008 Bolt.mp4,AVC,1544963232,Bolt,N,
2008 Bolt.sfv,,17832,Bolt,N,2008 Bolt.mp4
Mystery Men.mkv,AVC,11703802267,Mystery Men (1999),N,
Miss Peregrine's Home for Peculiar Children.mkv,AVC,5399507138,Miss Peregrine's Home for Peculiar Children (2016),Y,Miss Peregrine's Home for Peculiar Children-trailer.mov
Miss Peregrine's Home for Peculiar Children-trailer.mov,AVC,100628540,Miss Peregrine's Home for Peculiar Children (2016),Y,Miss Peregrine's Home for Peculiar Children.mkv
Monsters.University.2013.1080p.BluRay.x264.YIFY.mp4,AVC,1765880293,Monsters University,N,
Futurama - The Beast With A Billion Backs.avi,MPEG-4 Visual,731060224,Futurama,Y,"Futurama - Benders Game.avi, Futurama - Benders Big Score.avi, futurama into the wild green yonder.avi"
Futurama - Benders Game.avi,MPEG-4 Visual,734269440,Futurama,Y,"Futurama - The Beast With A Billion Backs.avi, Futurama - Benders Big Score.avi, futurama into the wild green yonder.avi"
Futurama - Benders Big Score.avi,MPEG-4 Visual,730939576,Futurama,Y,"Futurama - The Beast With A Billion Backs.avi, Futurama - Benders Game.avi, futurama into the wild green yonder.avi"
futurama into the wild green yonder.avi,MPEG-4 Visual,734668794,Futurama,Y,"Futurama - The Beast With A Billion Backs.avi, Futurama - Benders Game.avi, Futurama - Benders Big Score.avi"
Mr Deeds[DVDrip][ENG][MP3][KonzillaRG].avi,MPEG-4 Visual,734546472,Mr Deeds,Y,Mr. Deeds (2002) Bluray-1080p.mp4
Mr. Deeds (2002) Bluray-1080p.mp4,AVC,4289368926,Mr Deeds,Y,Mr Deeds[DVDrip][ENG][MP3][KonzillaRG].avi
Rat Race.mkv,AVC,4342122792,Rat Race (2001),N,
Jumper (2008) Bluray-1080p.mp4,AVC,1809427282,Jumper (2008),N,
Star Wars - Episode III - Revenge of the Sith (2005) Bluray-1080p Proper.mp4,AVC,2868594753,Star Wars - Episode III - Revenge of the Sith (2005),N,
Alien - Covenant (2017) Bluray-1080p.mp4,AVC,4291586279,Alien Covenant (2017),N,
The Hunger Games Mockingjay - Part 2.mkv,AVC,4481183081,The Hunger Games Mockingjay - Part 2 (2015),N,
No Strings Attached.avi,MPEG-4 Visual,1350071972,No Strings Attached,N,
Despicable.Me.2010.DVDRip.XVID.AC3-lOVE.avi,MPEG-4 Visual,1467985920,Despicable Me,N,
The Jungle Book.mkv,AVC,7313496358,"Jungle Book, The (2016)",N,
Godzilla.2014.1080p.BluRay.x264.YIFY.mp4,AVC,1978751956,Godzilla (2014),N,
Zero Days (2016) Bluray-1080p.mkv,AVC,12891670168,Zero Days (2016),N,
1999 - Toy Story 2.avi,MPEG-4 Visual,734578688,Toy Story 2,N,
Pacific.Rim.2013.1080p.BluRay.x264.YIFY.mp4,AVC,2092482749,Pacific Rim,N,
Zombieland (2009) Bluray-2160p.mkv,HEVC,15081816630,Zombieland (2009),N,
I am Number Four.avi,MPEG-4 Visual,7836931002,I am Number Four,N,
Jurassic Park III.mkv,AVC,4692913448,Jurassic Park III (2001),N,
Road to Ninja - Naruto the Movie (2012) Bluray-1080p.mkv,HEVC,3703112950,Naruto Shippuden the Movie Road to Ninja (2012),N,
War Horse (2011) Bluray-1080p.mp4,HEVC,2450001484,War Horse (2011),N,
Riddick.2013.1080p.BluRay.x264.YIFY.mp4,AVC,2097361940,Riddick,N,
21 Jump Street.avi.avi,MPEG-4 Visual,931395712,21 Jump Street,Y,21 Jump Street (2012) Bluray-1080p.mp4
21 Jump Street (2012) Bluray-1080p.mp4,HEVC,1834092997,21 Jump Street,Y,21 Jump Street.avi.avi
Dark Phoenix (2019) Bluray-1080p.mkv,AVC,4537561582,X-Men Dark Phoenix (2018),N,
The.Bourne.Supremacy.2004.720p.BrRip.x264.YIFY.mp4,AVC,787618827,The Bourne Supremacy,N,
Avatar - The Way of Water (2022) WEBDL-1080p.mp4,AVC,9879384859,Avatar - The Way of Water (2022),N,
Ted.2012.BluRay.720p.x264.YIFY.mp4,AVC,734466182,Ted,N,
Waking Life.avi,MPEG-4 Visual,730845184,Waking Life,N,
Scary Movie 3 (2003) Bluray-1080p.mkv,AVC,8211870224,Scary Movie 3 (2003),N,
Dungeons & Dragons - Honor Among Thieves (2023) Bluray-1080p.mkv,HEVC,12826746520,Dungeons & Dragons - Honor Among Thieves (2023),N,
Practical Magic.mkv,AVC,4688733351,Practical Magic (1998),N,
Thor The Dark World (2013) Bluray-1080p.mkv,AVC,11802632990,Thor The Dark World (2013),N,
2006 - The Fox and the Hound 2.avi,MPEG-4 Visual,733067264,The Fox and the Hound 2,N,
Pacific Rim Uprising (2018) Bluray-1080p.mkv,AVC,8214112832,Pacific Rim Uprising (2018),N,
The.Mortal.Instruments.City.of.Bones.2013.720p.BluRay.x264.YIFY.mp4,AVC,968035329,The Mortal Instruments City of Bones,N,
Black Beauty (1994) Bluray-1080p.mp4,AVC,1803686384,Black Beauty (1994),N,
The.Amazing.Spider-Man.2.2014.1080p.BluRay.6CH.ShAaNiG.com.mkv,AVC,2357180688,The Amazing Spiderman 2,N,
The Longest Yard (2005) WEBDL-1080p.mkv,AVC,4189023336,The Longest Yard,N,
Suicide Squad-trailer.mov,AVC,118249252,Suicide Squad (2016),Y,Suicide Squad.mkv
Suicide Squad.mkv,AVC,9392582141,Suicide Squad (2016),Y,Suicide Squad-trailer.mov
The.Santa.Clause.2.2002.1080p.BrRip.x264.YIFY.mp4,AVC,1506884959,The Santa Clause 2,N,
Not Another Teen Movie (2001) Bluray-1080p.mkv,AVC,13355569864,Not Another Teen Movie (2001),N,
Frozen II (2019) Bluray-2160p.mkv,HEVC,3057364639,Frozen II (2019),N,
Dumb.and.Dumber.To.2014.1080p.BluRay.x264.YIFY.mp4,AVC,1765773800,Dumb and Dumber To,N,
The Land Before Time III - The Time of the Great Giving (1995) WEBRip-1080p.mp4,HEVC,1183400053,The Land Before Time III - The Time of the Great Giving (1995),N,
Get Hard.mkv,AVC,8209393282,Get Hard (2015),N,
Sherlock Holmes A Game of Shadows.mkv,AVC,7039102943,Sherlock Holmes A Game of Shadows (2011),N,
02 - Back to the Future II.avi,MPEG-4 Visual,1566048136,Back to the Future Part II,Y,Back to the Future Part II (1989) WEBDL-1080p.mkv
Back to the Future Part II (1989) WEBDL-1080p.mkv,HEVC,5601723922,Back to the Future Part II,Y,02 - Back to the Future II.avi
Wild Hogs (2007) Bluray-1080p.mp4,AVC,2038771440,Wild Hogs,N,
Indiana Jones and the Temple of Doom (1984) Bluray-1080p.mkv,HEVC,6352244967,Indiana Jones and the Temple of Doom (1984),N,
Sisu (2023) Bluray-1080p.mkv,HEVC,2007832782,Sisu (2023),N,
Lost in Translation (2003) Bluray-1080p.mp4,AVC,2084907221,Lost in Translation (2003),N,
The Land Before Time X - The Great Longneck Migration (2003) WEBRip-1080p.mkv,AVC,2875748855,The Land Before Time X - The Great Longneck Migration (2003),N,
2002 - Lilo And Stitch.avi,MPEG-4 Visual,735731712,Lilo And Stitch,N,
Transformers.Age.of.Extinction.2014.1080p.BluRay.x264.YIFY.mp4,AVC,2428767917,Transformers Age of Extinction,N,
The Time Traveler's Wife (2009) Bluray-1080p.mp4,AVC,1744638467,The Time Traveler's Wife (2009),N,
The Other Boleyn Girl (2008) Bluray-1080p.mkv,AVC,16825871132,The Other Boleyn Girl (2008),N,
The Land Before Time XIV - Journey of the Brave (2016) WEBRip-1080p.mkv,AVC,3121356597,The Land Before Time XIV - Journey of the Brave (2016),N,
Guardians.of.the.Galaxy.2014.1080p.BluRay.x264.YIFY.mp4,AVC,1988828715,Guardians of the Galaxy,N,
Dragonheart.1996.720p.BrRip.x264.BOKUTOX.YIFY.mp4,AVC,786430315,Dragonheart,N,
Underworld Rise of the Lycans.mkv,AVC,4698878214,Underworld Rise of the Lycans (2009),N,
Police Academy 3 - Back in Training (1986) Bluray-1080p.mkv,AVC,6779527982,Police Academy 3 - Back in Training (1986),N,
Spider-Man - No Way Home (2021) Bluray-1080p.mp4,AVC,3739560321,Spider-Man No Way Home (2021),N,
The Shack (2017) Bluray-1080p.mkv,AVC,10563405958,The Shack (2017),N,
Blockers (2018) WEBDL-1080p.mkv,AVC,3813562919,Blockers (2018),N,
Wreck.it.Ralph.2012.1080p.BrRip.x264.BOKUTOX.YIFY.mp4,AVC,1506490897,Wreck It Ralph,N,
Wild Wild West (1999) Bluray-1080p.mkv,AVC,8526081415,Wild Wild West (1999),N,
Angels in the Outfield.avi,MPEG-4 Visual,734625096,Angels in the Outfield (1994),N,
Legend of the Guardians The Owls of Ga'Hoole.mkv,AVC,7040606817,Legend of the Guardians The Owls of Ga'Hoole (2010),N,
The Fifth Element.avi,MPEG-4 Visual,1620742564,The Fifth Element,N,
Wayne's World 2.mp4,AVC,1936817565,Wayne's World 2 (1993),N,
The Little Mermaid (2023) WEBDL-1080p.mkv,AVC,12260618811,The Little Mermaid (2023),N,
Harry Potter and the Half-Blood Prince (2009) Bluray-1080p.mp4,AVC,3143327994,Harry Potter and the Half-Blood Prince (2009),N,
Avengers Age of Ultron.avi,MPEG-4 Visual,4437887778,Avengers Age of Ultron (2015),N,
Holes.2003.DVDRip.ENG-SPA.x264.WRAITH.mkv,AVC,730816846,Holes,N,
Tonari.no.Totoro.1988.720p.HDTV.DD2.0.x264-PerfectionHD.mkv,AVC,4604540346,My Neighbour Totoro,N,
Avatar (2009) Bluray-1080p.mkv,HEVC,3344016079,Avatar (2009),N,
Captain Marvel (2019) WEBDL-2160p.mkv,HEVC,13548490878,Captain Marvel (2019),N,
Scary Movie 2 (2001) Bluray-1080p.mkv,AVC,7037535221,Scary Movie 2 (2001),N,
Sonic the Hedgehog (2020) Bluray-1080p.mp4,AVC,4291048302,Sonic the Hedgehog (2020),N,
Boruto Naruto the Movie (2015) Bluray-720p.mkv,AVC,2294299640,Boruto - Naruto the Movie,N,
Sing 2 (2021) WEBDL-1080p.mkv,AVC,5703761369,Sing 2 (2021),N,
The New Guy (2002) WEBDL-1080p.mkv,AVC,8570866045,The New Guy,N,
Doctor Strange.mkv,AVC,3857468978,Doctor Strange (2016),N,
The SpongeBob Movie Sponge Out of Water.mkv,AVC,3688615680,"SpongeBob Movie Sponge Out of Water, The (2015)",N,
Princess Mononoke.mkv,AVC,2243076090,Princess Mononoke,N,
Stealth (2005) Bluray-1080p.mkv,AVC,8206460718,Stealth (2005),N,
The.Secret.Life.of.Walter.Mitty.2013.1080p.BluRay.x264.YIFY.mp4,AVC,1981135960,The Secret Life of Walter Mitty,N,
Independence Day.mkv,AVC,8532263081,Independence Day (1996),N,
Ocean's Twelve (2004) Bluray-1080p.mkv,HEVC,2812398782,Ocean's 12,N,
The Land Before Time IX - Journey to Big Water (2002) WEBRip-1080p.mkv,AVC,2371165518,The Land Before Time IX - Journey to Big Water (2002),N,
Star Wars - Episode II - Attack of the Clones (2002) Bluray-1080p Proper.mp4,AVC,2917593018,Star Wars - Episode II - Attack of the Clones (2002),N,
Hot Fuzz (2007) Bluray-1080p.mkv,AVC,13236376893,Hot Fuzz (2007),N,
Mr And Mrs Smith.mp4,AVC,1545426904,Mr And Mrs Smith,Y,Mr.and.Mrs.Smith.2005.1080P.BluRay.NL.Subs.k-a-r-m-a.mkv
Mr.and.Mrs.Smith.2005.1080P.BluRay.NL.Subs.k-a-r-m-a.mkv,AVC,1608890486,Mr And Mrs Smith,Y,Mr And Mrs Smith.mp4
Mr And Mrs Smith Sample.mp4,AVC,5091452,"Sample,info",N,
[Daman] Sengoku Basara The Last Party [1280x720_Blu_Ray_Dual_Audio_AAC].mkv,AVC,2546379704,Sengoku Basara The Last Party,N,
Doctor Strange in the Multiverse of Madness (2022) WEBDL-1080p.mkv,AVC,9962051070,Doctor Strange in the Multiverse of Madness (2022),N,
Knocked Up (2007) Bluray-1080p.mkv,HEVC,4232534196,Knocked Up,N,
A League of Their Own (1992) Bluray-1080p.mkv,HEVC,3430917785,A League of Their Own (1992),N,
Jeff Dunham - Spark of Insanity (2007) Bluray-720p.mp4,AVC,1044642986,Jeff Dunham - Spark of Insanity (2007),N,
Finding.Nemo.2003.720p.BluRay.appletv.m4v,AVC,2805086580,Finding Nemo,N,
Police Academy 2 - Their First Assignment (1985) Bluray-1080p.mkv,AVC,7067687130,Police Academy 2 - Their First Assignment (1985),N,
Iron Man 2 (2010) Bluray-1080p Proper REAL.mkv,AVC,14083999248,Iron Man 2 (2010),N,
"The_Borrowers_Arrietty_(2010)_[1080p,BluRay,x264,DTS]_-_THORA-UTW.md5",,511,The Borrowers Arrietty,N,"The_Borrowers_Arrietty_(2010)_[1080p,BluRay,x264,DTS]_-_THORA-UTW.mkv"
"The_Borrowers_Arrietty_(2010)_[1080p,BluRay,x264,DTS]_-_THORA-UTW.mkv",AVC,7542068328,The Borrowers Arrietty,N,
Kung Fu Panda 3 2016.mkv,AVC,1714956144,Kung Fu Panda 3 (2016),N,
Kick.Ass.2010.720p.BrRip.264.YIFY.mp4,AVC,733762596,Kick-Ass,N,
Tales From Earthsea - ETRG.avi,MPEG-4 Visual,1460964108,Tales from Earthsea,N,
Transformers - The Last Knight (2017) Bluray-1080p.mkv,AVC,3927300780,Transformers The Last Knight (2017),N,
Unbreakable (2000) Bluray-1080p.mkv,AVC,15551052455,Unbreakable (2000),N,
Star Trek II - The Wrath of Khan (1982) Bluray-1080p.mp4,AVC,4321181550,Star Trek II - The Wrath of Khan (1982),N,
Captain.America.The.Winter.Soldier.2014.1080p.BluRay.x264.YIFY.mp4,AVC,2103503304,Captain America The Winter Soldier,N,
Hot Tub Time Machine (2010) R5 DVDRip XviD-MAXSPEED www.torentz.3xforum.ro.avi,MPEG-4 Visual,1463807312,Hot Tub Time Machine,N,
Uncharted (2022) Bluray-1080p.mkv,AVC,11090641018,Uncharted (2022),N,
Star Trek Beyond.mkv,AVC,4535763029,Star Trek Beyond (2016),N,
Jack.the.Giant.Slayer.2013.720p.BluRay.x264.YIFY.mp4,AVC,907307322,Jack the Giant Slayer,N,
Hook.mkv,AVC,3343440515,Hook (1991),N,
Guardians of the Galaxy Vol. 2 (2017) Bluray-1080p.mkv,AVC,10565697658,Guardians of the Galaxy Vol. 2 (2017),N,
Harry Potter and the Deathly Hallows Part 1 (2010) Bluray-1080p.mp4,AVC,2152024532,Harry Potter and the Deathly Hallows Part 1 (2010),N,
Chappie.mkv,AVC,6094070995,Chappie (2015),N,
1994 - The Lion King.avi,MPEG-4 Visual,782684160,The Lion King,N,
Buddy Games - Spring Awakening (2023) WEBDL-1080p.mkv,AVC,6292421823,Buddy Games - Spring Awakening (2023),N,
Toy Story 3-trailer.mov,AVC,100408430,Toy Story 3 (2010),Y,Toy Story 3.mkv
Toy Story 3.mkv,AVC,2926960165,Toy Story 3 (2010),Y,Toy Story 3-trailer.mov
Jiu Jitsu (2020) Bluray-1080p.mkv,AVC,4744321731,Jiu Jitsu (2020),N,
2000 - Fantasia 2000.AVI,MPEG-4 Visual,650113024,Fantasia 2000,N,
Dune (2021) Bluray-1080p.mp4,HEVC,2599600403,Dune (2021),N,
The.Maze.Runner.2014.720p.BluRay.x264.YIFY.mp4,AVC,853995484,The Maze Runner,N,
Reign.of.Fire.2002.1080p.BrRip.x264.YIFY.mp4,AVC,1615558857,Reign of Fire,N,
Valerian and the City of a Thousand Planets (2017) Bluray-1080p.mkv,AVC,10557474798,Valerian and the City of a Thousand Planets (2017),N,
Pirates of the Caribbean - Dead Man's Chest (2006) Bluray-1080p.mp4,AVC,3086762592,Pirates of the Caribbean - Dead Man's Chest (2006),N,
The Angry Birds Movie-trailer.mov,AVC,97156458,"Angry Birds Movie, The (2016)",Y,The Angry Birds Movie.mkv
The Angry Birds Movie.mkv,AVC,5867341228,"Angry Birds Movie, The (2016)",Y,The Angry Birds Movie-trailer.mov
Godzilla King of the Monsters (2019) Bluray-1080p.mp4,AVC,4292195040,Godzilla King of the Monsters (2019),N,
Religulous (2008) HDTV-1080p.mkv,AVC,8531648432,Religulous (2008),N,
2003 - Stitch! The Movie.avi,MPEG-4 Visual,606962064,Stitch! The Movie,N,
Tenacious D in The Pick of Destiny (2006) WEBDL-1080p.mkv,AVC,9002664148,Tenacious D in The Pick of Destiny (2006),N,
The House with a Clock in Its Walls (2018) WEBDL-1080p.mkv,AVC,3885642374,The House with a Clock in Its Walls (2018),N,
2003 - Brother Bear.avi,MPEG-4 Visual,734199808,Brother Bear,N,
Dracula Untold.mkv,AVC,2797472676,Dracula Untold,Y,Dracula Untold (2014) Bluray-1080p.mkv
Dracula Untold (2014) Bluray-1080p.mkv,AVC,8527559364,Dracula Untold,Y,Dracula Untold.mkv
Shrek.The.Third.avi,MPEG-4 Visual,733941760,Shrek the Third,N,
"I Love You, Man.mp4",AVC,735257669,"I Love You, Man",N,
Endless Waltz.mp4,AVC,7776858270,Endless Waltz,N,
1937 - Snow White and the Seven Dwarves.avi,MPEG-4 Visual,734060544,Snow White and the Seven Dwarves,N,
Empire Records.mkv,AVC,4692454476,Empire Records,Y,Empire Records (1995) WEBRip-1080p.mkv
Empire Records (1995) WEBRip-1080p.mkv,HEVC,2269163240,Empire Records,Y,Empire Records.mkv
Shrek.4.2010.1080p.BluRay.x264.YIFY.mp4,AVC,1049713239,Shrek 4,N,
Pompeii.2014.1080p.BluRay.x264.YIFY.mp4,AVC,1769839748,Pompeii,N,
Maleficent.2014.1080p.BluRay.x264.YIFY.mp4,AVC,1545861029,Maleficent,N,
A Dog's Purpose (2017) Bluray-1080p.mkv,AVC,8214877873,A Dog's Purpose (2017),N,
Men in Black (1997) Bluray-1080p.mp4,AVC,3228849934,Men in Black (1997),N,
Venom - Let There Be Carnage (2021) WEBDL-2160p.mkv,HEVC,11252389028,Venom - Let There Be Carnage (2021),N,
The Expendables.avi,MPEG-4 Visual,735618312,The Expendables,Y,The Expendables (2010) Bluray-1080p.mkv
The Expendables (2010) Bluray-1080p.mkv,AVC,8213344400,The Expendables,Y,The Expendables.avi
Back to the Future (1985) WEBDL-1080p.mkv,HEVC,6152365864,Back to the Future,Y,01 - Back to the Future.avi
01 - Back to the Future.avi,MPEG-4 Visual,1680911082,Back to the Future,Y,Back to the Future (1985) WEBDL-1080p.mkv
Shazam! (2019) Bluray-1080p.mp4,AVC,8039282760,Shazam! (2019),N,
Ice Age Dawn of the Dinosaurs.mkv,AVC,7047853836,Ice Age Dawn of the Dinosaurs (2009),N,
Frozen.2013.720p.DVDSCR.XViD.AC3-HuMPDaY.avi,MPEG-4 Visual,2538778356,Frozen,N,
Spider-Man - Far from Home (2019) Bluray-1080p.mp4,AVC,3396239863,Spider-Man Far from Home (2019),N,
Inside Out.mkv,AVC,2885100019,Inside Out (2015),N,
The Help (2011) Bluray-720p.mkv,AVC,2739097457,The Help,N,
RoboCop.2014.1080p.BluRay.x264.YIFY.mp4,AVC,1981235746,RoboCop,N,
Grown Ups (2010) Bluray-1080p.mp4,AVC,1507330472,Grown Ups,N,
Murder on the Orient Express (2017) Bluray-480p.mkv,AVC,576691138,Murder on the Orient Express (2017),N,
Percy.Jackson.Sea.of.Monsters.2013.720p.BluRay.x264.YIFY.mp4,AVC,846903104,Percy Jackson,Y,Percy Jackson & the Olympians - The Lightning Thief (2010) Bluray-1080p.mp4
Percy Jackson & the Olympians - The Lightning Thief (2010) Bluray-1080p.mp4,AVC,3255666048,Percy Jackson,Y,Percy.Jackson.Sea.of.Monsters.2013.720p.BluRay.x264.YIFY.mp4
Alpha (2018) WEBRip-2160p.mkv,HEVC,16481722128,Alpha (2018),N,
1988 - Oliver & Company.avi,MPEG-4 Visual,694858474,Oliver & Company,N,
1986 - The Great Mouse Detective.avi,MPEG-4 Visual,733848738,The Great Mouse Detective,N,
Eternals (2021) Bluray-1080p.mkv,AVC,3015017301,Eternals (2021),N,
This.Is.the.End.2013.1080p.BluRay.x264.YIFY.mp4,AVC,1765712808,This Is the End,N,
Ford v Ferrari (2019) Bluray-2160p.mkv,HEVC,4382418917,Ford v Ferrari (2019),N,
Iron Man 3 (2013) Bluray-1080p.mp4,AVC,2673902721,Iron Man 3 (2013),N,
Star Trek II - The Wrath of Khan (1982) Bluray-1080p.sfv,,7333,Star Trek II - The Wrath Of Khan (1982),N,Star Trek II - The Wrath of Khan (1982) Bluray-1080p.mp4
Star Trek II - The Wrath of Khan (1982) Bluray-1080p.mp4,AVC,2385752619,Star Trek II - The Wrath Of Khan (1982),N,
Shang-Chi and the Legend of the Ten Rings (2021) Bluray-1080p.mkv,AVC,6825495849,Shang-Chi and the Legend of the Ten Rings (2021),N,
Tangled.2010.PPVRip.LiNE.XviD-TiMPE.avi,MPEG-4 Visual,1464260608,Tangled,N,
Step Brothers.avi,MPEG-4 Visual,736073728,Step Brothers,Y,Step Brothers (2008) Bluray-1080p.mp4
Step Brothers (2008) Bluray-1080p.mp4,HEVC,1764473632,Step Brothers,Y,Step Brothers.avi
The Simpsons Movie.mp4,AVC,1633750350,The Simpsons Movie,N,
Anchorman.2.The.Legend.Continues.2013.1080p.BluRay.x264.YIFY.mp4,AVC,1979306556,Anchorman 2 The Legend Continues,N,
Meg 2 - The Trench (2023) WEBDL-1080p.mkv,AVC,7340772920,Meg 2 - The Trench (2023),N,
Naruto Shippuden the Movie - The Lost Tower (2010) Bluray-1080p.mkv,HEVC,2868644454,Naruto Shippuden the Movie - The Lost Tower (2010),N,
Hancock.mp4,AVC,1562957887,Hancock,Y,Hancock (2008) Bluray-1080p.mp4
Hancock (2008) Bluray-1080p.mp4,AVC,1755873322,Hancock,Y,Hancock.mp4
Underworld - Blood Wars (2016) Bluray-1080p.mkv,HEVC,4085524493,Underworld - Blood Wars (2016),N,
Solo A Star Wars Story (2018) Bluray-2160p.mkv,HEVC,16337900523,Solo A Star Wars Story (2018),N,
Naruto Shippuden the Movie (2007) Bluray-1080p.mkv,HEVC,2185818191,Naruto Shippuden the Movie (2007),N,
Amadeus (1984) Bluray-1080p.mkv,AVC,14203330825,Amadeus (1984),N,
Get Him to the Greek (2010) DVDRip XviD-MAXSPEED www.torentz.3xforum.ro.avi,MPEG-4 Visual,1465258340,Get Him to the Greek,N,
Starship Troopers 3 - Marauder.avi,MPEG-4 Visual,735631360,Starship Troopers,Y,"Starship Troopers (1997) Bluray-1080p.mkv, Starship Troopers.avi, Starship Troopers 2 - Hero Of The Federation.avi"
Starship Troopers (1997) Bluray-1080p.mkv,AVC,6404741581,Starship Troopers,Y,"Starship Troopers 3 - Marauder.avi, Starship Troopers.avi, Starship Troopers 2 - Hero Of The Federation.avi"
Starship Troopers.avi,MPEG-4 Visual,839596032,Starship Troopers,Y,"Starship Troopers 3 - Marauder.avi, Starship Troopers (1997) Bluray-1080p.mkv, Starship Troopers 2 - Hero Of The Federation.avi"
Starship Troopers 2 - Hero Of The Federation.avi,MPEG-4 Visual,736006144,Starship Troopers,Y,"Starship Troopers 3 - Marauder.avi, Starship Troopers (1997) Bluray-1080p.mkv, Starship Troopers.avi"
Dumbo (2019) Bluray-1080p.mkv,AVC,9145099835,Dumbo (2019),N,
Sherlock Holmes 2009.mp4,AVC,1827038238,Sherlock Holmes,N,
Scary Movie 5 (2013) Bluray-1080p.mkv,HEVC,3610201925,Scary Movie 5 (2013),N,
Jumanji.mkv,AVC,2454820067,Jumanji (1995),N,
American Pie 2.mkv,AVC,4691628821,American Pie 2 (2001),N,
2004 - Mulan II.avi,MPEG-4 Visual,733908992,Mulan II,N,
Inception (2010) Bluray-1080p.mp4,AVC,3034643229,Inception (2010),N,
Fate+stay night - Heaven's Feel III. Spring Song (2020) WEBDL-1080p.mkv,HEVC,2744193017,Fate+stay night - Heaven's Feel III. Spring Song (2020),N,
The.Island.2005.1080p.BrRip.x264.YIFY.mp4,AVC,2036394494,The Island,N,
Little Nicky (2000) Bluray-1080p.mkv,HEVC,1698545643,Little Nicky,N,
Passengers (2016) Bluray-1080p.mkv,AVC,1130407285,Passengers (2016),N,
Dodgeball.A.True.Underdog.Story.2004.1080p.BrRip.x264.YIFY.mp4,AVC,1505531510,Dodgeball A True Underdog Story,N,
Star Trek Into Darkness (2013) Bluray-1080p.mp4,AVC,2090028638,Star Trek Into Darkness (2013),N,
1961 - 101 Dalmatians.avi,MPEG-4 Visual,732835840,101 Dalmatians,N,
Planet of the Apes (2001) Bluray-1080p.mkv,AVC,2684217524,Planet of the Apes (2001),N,
Avengers Infinity War (2018) WEBDL-1080p.mkv,AVC,5506363302,Avengers Infinity War (2018),N,
The.Core.2003.1080p.BrRip.x264.BOKUTOX.YIFY.mp4,AVC,1827764638,The Core,N,
Barbie (2023) Bluray-1080p.mkv,HEVC,10061623947,Barbie (2023),N,
Mars Attacks! (1996) Bluray-1080p.mkv,AVC,9070100313,Mars Attacks! (1996),N,
Monsters.Vs.Aliens.2009.720p.BrRip.x264.YIFY.mp4,AVC,580577946,Monsters vs Aliens,N,
Madagascar-Escape.2.Africa[2008]DvDrip-aXXo.avi,MPEG-4 Visual,734892032,Madagascar - Escape to Africa,N,
Kronk's New Groove.mkv,AVC,4692656177,Kronk's New Groove (2005),N,
Cars.mkv,AVC,8816883442,Cars (2006),N,
Jeff Dunham - Arguing with Myself (2006) Bluray-720p.mp4,AVC,897540460,Jeff Dunham - Arguing with Myself (2006),N,
Pirates of the Caribbean - The Curse of the Black Pearl (2003) Bluray-1080p.mp4,AVC,2737165339,Pirates of the Caribbean - The Curse of the Black Pearl (2003),N,
Naruto Shippuden the Movie - Bonds (2008) Bluray-1080p.mkv,HEVC,2893508482,Naruto Shippuden the Movie - Bonds (2008),N,
My Friend Dahmer (2017) Bluray-1080p.mkv,AVC,8525551693,My Friend Dahmer (2017),N,
Police Academy (1984) Bluray-1080p.mkv,AVC,7836990615,Police Academy (1984),N,
Pirates of the Caribbean - Dead Men Tell No Tales (2017) Bluray-1080p.mp4,AVC,4548998711,Pirates of the Caribbean Dead Men Tell No Tales (2017),N,
Push 2009 720p BRRip [A Cryptik Visions H264].mp4,AVC,1879852870,Push,N,
Unstoppable.2010.1080p.BrRip.x264.YIFY.mp4,AVC,1611480606,Unstoppable,N,
Men in Black 3 (2012) Bluray-1080p.mp4,AVC,3186139831,Men in Black 3 (2012),N,
The Chronicles Of Riddick 2004 UNRATED Directors Cut 720p BRRip x264-MgB.mp4,AVC,2466313508,The Chronicles Of Riddick,N,
Fantastic Four Rise Of The Silver Surfer 2007 BluRay 720p DTS x264-3Li.mkv,AVC,3891278189,Fantastic Four Rise Of The Silver Surfer,N,
Fantastic Four Rise Of The Silver Surfer Samples.mkv,AVC,61430594,"Sample,Screens",N,
District 9 (2009) Bluray-1080p.mp4,AVC,2299507504,District 9 (2009),N,
Black Adam (2022) WEBDL-1080p.mkv,AVC,8709986744,Black Adam (2022),N,
The Transformers The Movie.mkv,AVC,2348004404,"Transformers The Movie, The (1986)",N,
Ant-Man and the Wasp (2018) WEBDL-1080p.mkv,AVC,4333541147,Ant-Man and the Wasp (2018),N,
The Bad Guys (2022) Bluray-1080p.mkv,HEVC,7597514270,The Bad Guys (2022),N,
The Flight of Dragons.mkv,AVC,900991263,"Flight of Dragons, The (1982)",N,
John Wick Chapter 2 (2017) Bluray-1080p.mkv,AVC,8528181069,John Wick Chapter 2 (2017),N,
Cloudy.with.a.Chance.of.Meatballs.2.2013.1080p.BluRay.x264.YIFY.mp4,AVC,1550010010,Cloudy with a Chance of Meatballs 2,N,
Kingsman The Secret Service.mkv,AVC,4782546652,Kingsman The Secret Service (2014),N,
Ocean's Eleven (2001) Bluray-1080p.mp4,AVC,2386558106,Ocean's Eleven (2001),N,
Underworld Blood Wars (2016) WEBDL-1080p.mkv,AVC,3403428349,Underworld Blood Wars (2016),N,
Transformers - Revenge of the Fallen (2009) Bluray-2160p.mkv,HEVC,5637844242,Transformers - Revenge of the Fallen (2009),N,
Drumline (2002) Bluray-1080p.mkv,AVC,9369411924,Drumline,Y,Drumline.DVDRip.XViD-DcN.avi
Drumline.DVDRip.XViD-DcN.avi,MPEG-4 Visual,734709760,Drumline,Y,Drumline (2002) Bluray-1080p.mkv
Nobody (2021) WEBDL-2160p.mkv,HEVC,10808648464,Nobody (2021),N,
Jeff Dunham - Beside Himself (2019) WEBDL-1080p.mkv,AVC,3433304482,Jeff Dunham - Beside Himself (2019),N,
Eight Legged Freaks (2002) Bluray-720p.mkv,AVC,6510256649,Eight Legged Freaks (2002),N,
Assassin's Creed (2016) WEBDL-1080p.mkv,AVC,4325331054,Assassin's Creed (2016),N,
1995 - Toy Story.avi,MPEG-4 Visual,722122752,Toy Story,N,
Ace Ventura 2 - When Nature Calls.avi,MPEG-4 Visual,734076928,Ace Ventura - When Nature Calls,Y,Ace Ventura - When Nature Calls (1995) HDTV-1080p.mp4
Ace Ventura - When Nature Calls (1995) HDTV-1080p.mp4,AVC,1536478167,Ace Ventura - When Nature Calls,Y,Ace Ventura 2 - When Nature Calls.avi
The Italian Job.AVI,AVC,741313686,The Italian Job,N,
The Land Before Time IV - Journey Through the Mists (1996) WEBRip-1080p.mkv,AVC,6857673853,The Land Before Time IV - Journey Through the Mists (1996),N,
Night School (2018) WEBDL-1080p.mkv,AVC,4278798163,Night School (2018),N,
Man.of.Steel.2013.1080p.BluRay.x264.YIFY.mp4,AVC,2192051269,Man of Steel,N,
The Man in the Iron Mask (1998) WEBDL-1080p.mkv,AVC,8274616160,The Man in the Iron Mask (1998),N,
The Lost World Jurassic Park.mkv,AVC,5192296680,"Lost World Jurassic Park, The (1997)",N,
Forgetting Sarah Marshall (2008) Bluray-720p.mp4,AVC,1566577947,Forgetting Sarah Marshall,Y,Forgetting Sarah Marshall.avi
Forgetting Sarah Marshall.avi,MPEG-4 Visual,735072256,Forgetting Sarah Marshall,Y,Forgetting Sarah Marshall (2008) Bluray-720p.mp4
The Proposal (2009) Bluray-1080p.mkv,HEVC,1819083973,The Proposal,N,
Meet.The.Fockers.BrRip.720p.x264.YIFY.mkv,AVC,628459063,Meet the Fockers,Y,Meet the Fockers (2004) Bluray-1080p.mkv
Meet the Fockers (2004) Bluray-1080p.mkv,HEVC,7132632997,Meet the Fockers,Y,Meet.The.Fockers.BrRip.720p.x264.YIFY.mkv
She's the Man (2006) DVDrip x264 - RebourneD (Source by aXXo).mkv,AVC,340732756,She's the Man,N,
Transformers - Dark of the Moon (2011) Bluray-1080p.mp4,AVC,4734685009,Transformers - Dark of the Moon (2011),N,
Wayne's World.mkv,AVC,2933651524,Wayne's World (1992),N,
I.Robot.2004.1080p.BrRip.x264.YIFY.mp4,AVC,1719701622,I Robot,N,
Buddy Games (2019) WEBDL-1080p.mkv,AVC,3512195097,Buddy Games (2019),N,
Fantastic Four 2005.720p.BrRip.x264.YIFY.mp4,AVC,680626817,Fantastic Four,N,
Ralph Breaks the Internet (2018) Bluray-1080p.mp4,AVC,3220436016,Ralph Breaks the Internet Wreck-It Ralph 2 (2018),N,
Castle in the Sky (1986) Bluray-1080p Proper.mkv,AVC,11742557537,Castle in the Sky (1986),N,
Star Trek (2009) Bluray-1080p.mp4,AVC,1608561804,Star Trek (2009),N,
1996 - James and the Giant Peach.avi,MPEG-4 Visual,734306304,James and the Giant Peach,N,
Jeff Dunham - Unhinged in Hollywood (2015) Bluray-720p.mkv,AVC,3512473102,Jeff Dunham - Unhinged in Hollywood (2015),N,
Star Trek - Generations (1994) Bluray-1080p.mp4,AVC,2415522372,Star Trek - Generations (1994),N,
2005 - Chicken Little.avi,MPEG-4 Visual,733601792,Chicken Little,N,
Pokémon Detective Pikachu (2019) WEBDL-1080p.mkv,AVC,1867800729,Pokémon Detective Pikachu (2019),N,
Iron Man (2008) Bluray-1080p.mp4,AVC,2580207390,Iron Man (2008),N,
Star Wars (1977) Bluray-1080p.mkv,AVC,6570751178,Star Wars (1977),N,
1995 - A Goofy Movie.avi,div3,730648576,A Goofy Movie,N,
The Ugly Truth (2009) Bluray-1080p.mp4,AVC,3131761659,The Ugly Truth,N,
Kick-Ass.2.2013.1080p.BluRay.x264.YIFY.mp4,AVC,1752539683,Kick-Ass 2,N,
Harry Potter and the Chamber of Secrets (2002) Bluray-1080p Proper.mkv,AVC,14089150570,Harry Potter and the Chamber of Secrets (2002),N,
I Now Pronounce You Chuck & Larry (2007) Bluray-1080p.mp4,AVC,1978574128,I Now Pronounce you Chuck and Larry,N,
Big.Hero.6.2014.720p.BluRay.x264.YIFY.mp4,AVC,849415760,Big Hero 6,N,
The.Santa.Clause.3.The.Escape.Clause.2006.720p.BrRip.x264.YIFY.mp4,AVC,734138878,The Santa Clause 3,N,
Teenage.Mutant.Ninja.Turtles.2.The.Secret.Of.The.Ooze.1991.1080p.BluRay.x265-RARBG.mp4,HEVC,1484222304,Teenage Mutant Ninja Turtles II - The Secret of the Ooze,N,
Teenage Mutant Ninja Turtles 2 Sample.mp4,AVC,40776561,Sample,N,
X.Men.Days.of.Future.Past.2014.1080p.BluRay.x264.YIFY.mp4,AVC,2098078128,X Men Days of Future Past,N,
1963 - The Sword in the Stone.avi,MPEG-4 Visual,732594176,The Sword in the Stone,N,
Aladdin (2019) Bluray-1080p.mp4,HEVC,2141877787,Aladdin (2019),N,
How.to.Train.Your.Dragon.2.2014.1080p.BluRay.x264.YIFY.mp4,AVC,1767652801,How to Train Your Dragon 2,N,
The Covenant (2006) Bluray-1080p.mkv,AVC,5625535890,The Covenant,N,
Rogue One A Star Wars Story (2016) Bluray-720p.mkv,AVC,7042602171,Rogue One A Star Wars Story (2016),N,
1991 - Beauty and the Beast.avi,MPEG-4 Visual,716110336,Beauty and the Beast,N,
How to Train Your Dragon The Hidden World (2019) Bluray-1080p.mkv,AVC,6315225116,How to Train Your Dragon The Hidden World (2019),N,
Tenet (2020) Bluray-1080p.mp4,HEVC,2512701762,Tenet (2020),N,
Tarzan.2013.720p.BluRay.x264.YIFY.mp4,AVC,787396450,Tarzan,Y,1999 - Tarzan.avi
1999 - Tarzan.avi,MPEG-4 Visual,630194176,Tarzan,Y,Tarzan.2013.720p.BluRay.x264.YIFY.mp4
The Chronicles of Narnia - Prince Caspian (2008) Bluray-1080p.mp4,AVC,2141776019,The Chronicles of Narnia - Prince Caspian (2008),N,
1990 - The Rescuers Down Under.avi,MPEG-4 Visual,730685440,The Rescuers Down Under,N,
The Lion King 1½ (2004) Bluray-1080p.mp4,HEVC,1275793342,The Lion King 1-1.5 - Hakuna Matata,N,
1988 - Who Framed Roger Rabbit.avi,MPEG-4 Visual,767931392,Who Framed Roger Rabbit,N,
WALL·E (2008) Bluray-1080p.mkv,HEVC,6364855243,Wall-E,N,
inf-walle.sample.mkv,AVC,45279422,Sample,N,
1964 - Mary Poppins.avi,MPEG-4 Visual,733584978,Mary Poppins,N,
Nimona (2023) WEBRip-1080p.mp4,HEVC,1844274464,Nimona (2023),N,
The.Mummy.Returns.2001.1080p.BRrip.x264.GAZ.YIFY.mp4,AVC,2040868646,The Mummy Returns,N,
Enchanted (2007) Bluray-1080p.mp4,HEVC,1797060206,Enchanted,N,
2006 - Bambi II.avi,MPEG-4 Visual,733902848,Bambi II,N,
Justice League (2017) Bluray-1080p.mp4,AVC,4336430537,Justice League (2017),N,
Hall Pass (2011) Bluray-1080p.mp4,AVC,4291542575,Hall Pass,N,
Flubber.1997.HDTV.720p.x264.YIFY.mp4,AVC,678918534,Flubber,N,
The Hangover Part III (2013) Bluray-1080p.mkv,HEVC,3319104837,The Hangover Part III (2013),N,
Harry Potter and the Prisoner of Azkaban (2004) Bluray-1080p.mp4,AVC,2902766989,Harry Potter and the Prisoner of Azkaban (2004),N,
Rambo Last Blood (2019) Bluray-1080p.mkv,AVC,8421996949,Rambo Last Blood (2019),N,
Naruto Shippuden the Movie - Blood Prison (2011) Bluray-1080p.mkv,HEVC,1966745122,Naruto Shippuden the Movie - Blood Prison (2011),N,
The Master of Disguise (2002) WEBDL-1080p.mkv,AVC,5181190967,The Master of Disguise,Y,The.Master.Of.Disguise.DVDrip.Eng-Hivrolta.avi
The.Master.Of.Disguise.DVDrip.Eng-Hivrolta.avi,MPEG-4 Visual,732588032,The Master of Disguise,Y,The Master of Disguise (2002) WEBDL-1080p.mkv
The Expendables 2 (2012) Bluray-1080p.mkv,HEVC,3747856084,The Expendables 2,Y,The Expendables 2.avi
The Expendables 2.avi,MPEG-4 Visual,784766976,The Expendables 2,Y,The Expendables 2 (2012) Bluray-1080p.mkv
Naruto Shippuden the Movie - The Will of Fire (2009) Bluray-1080p.mkv,HEVC,2901956878,Naruto Shippuden the Movie - The Will of Fire (2009),N,
"Howl's_Moving_Castle_(2004)_[1080p,BluRay,flac,dts,x264]_-_THORA.mkv",AVC,10428257952,Howl's Moving Castle,N,
Scrooged (1988) Bluray-1080p.mkv,AVC,15514487763,Scrooged (1988),N,
Underworld.mkv,AVC,7043793716,Underworld (2003),N,
300 (2007) Bluray-1080p.mkv,AVC,9385362246,300,Y,300.mp4
300.mp4,AVC,4262681708,300,Y,300 (2007) Bluray-1080p.mkv
dmd-ilybc.avi,MPEG-4 Visual,733767680,I Love You Beth Cooper,N,
dmd-ilybc-sample.avi,MPEG-4 Visual,11778048,Sample,N,
dmd-ilybc-subs.rar,,1465197,Subs,N,
dmd-ilybc-subs.sfv,,29,Subs,N,
Fantastic Beasts - The Secrets of Dumbledore (2022) WEBDL-1080p.mkv,AVC,2765195164,Fantastic Beasts - The Secrets Of Dumbledore (2022),N,
Captain.America.The.First.Avenger.1080p.BrRip.x264.YIFY.mp4,AVC,1713875628,Captain America -The First Avenger,Y,Captain America - The First Avenger (2011) Bluray-1080p.mkv
Captain America - The First Avenger (2011) Bluray-1080p.mkv,HEVC,4946765515,Captain America -The First Avenger,Y,Captain.America.The.First.Avenger.1080p.BrRip.x264.YIFY.mp4
The.Kings.Man.2021.1080p.AMZN.WEBRip.x265-ZiTO.mkv,HEVC,2185404238,The King's Man (2021),N,
Pineapple Express (2008) Bluray-1080p.mp4,AVC,1717894626,Pineapple Express (2008),Y,Pinapple Express.avi
Pinapple Express.avi,MPEG-4 Visual,730175488,Pineapple Express (2008),Y,Pineapple Express (2008) Bluray-1080p.mp4
A-X-L (2018) WEBDL-1080p.mkv,AVC,5089549324,A-X-L (2018),N,
Ice.Age.4.Continental.Drift.2012.DVDRip.XviD.AC3-3LT0N.avi,MPEG-4 Visual,1464197466,Ice Age Continental Drift (2012),N,
The Truman Show (1998) Bluray-1080p.mkv,AVC,8374483730,The Truman Show (1998),N,
Tropic Thunder (2008) Bluray-1080p.mkv,AVC,10876300086,Tropic Thunder (2008),N,
Lady and the Tramp II Scamp's Adventure.mkv,AVC,4686127783,Lady and the Tramp II Scamp's Adventure (2001),N,
Fullmetal Alchemist the Movie - The Sacred Star of Milos (2011) Bluray-1080p.mkv,HEVC,2595305873,Fullmetal Alchemist the Movie - The Sacred Star of Milos (2011),N,
Wedding Crashers (2005) Bluray-1080p.mkv,AVC,8530202518,Wedding Crashers,Y,Wedding Crashers.avi
Wedding Crashers.avi,MPEG-4 Visual,735496192,Wedding Crashers,Y,Wedding Crashers (2005) Bluray-1080p.mkv
Batman v Superman Dawn of Justice.mkv,AVC,5738378114,Batman v Superman Dawn of Justice (2016),N,
Jurassic World - Fallen Kingdom (2018) Bluray-1080p.mp4,AVC,4262710323,Jurassic World Fallen Kingdom (2018),N,
Star Wars - Episode I - The Phantom Menace (1999) Bluray-1080p Proper.mp4,AVC,2788954452,Star Wars - Episode I - The Phantom Menace (1999),N,
Jurassic World.mkv,AVC,3787505462,Jurassic World (2015),N,
Freedom Writers (2007) Bluray-1080p.mkv,AVC,8531734713,Freedom Writers (2007),N,
Teeage Mutant Ninja Turtles.mp4,AVC,735323108,Teenage Mutant Ninja Turtles 1990,N,
1998 - Mulan.avi,MPEG-4 Visual,735270912,Mulan,N,
Chocolat.mkv,AVC,2214692493,Chocolat (2000),N,
Troy.DC.2004.HD.720p.x264.mkv,AVC,837448516,Troy,N,
Ocean's Eight (2018) Bluray-1080p.mp4,AVC,3200617889,Ocean's Eight (2018),N,
Lady and the Tramp.mkv,AVC,4693012817,Lady and the Tramp (1955),N,
Bohemian Rhapsody (2018) WEBDL-1080p.mkv,AVC,4997261993,Bohemian Rhapsody (2018),N,
The Hobbit The Battle of the Five Armies.mkv,AVC,7038884856,"The Hobbit The Battle of the Five Armies, The (2014)",N,
The.Mummy.1999.1080p.BRrip.x264.GAZ.YIFY.mp4,AVC,1928027468,The Mummy,N,
Jurassic.Park.1993.720p.BluRay.X264-AMIABLE.mkv,AVC,5865437687,Jurassic Park (1993),N,
2003 - Atlantis 2 Milo's Return.avi,MPEG-4 Visual,734332928,Atlantis 2 Milo's Return,N,
Year.One.2009.UNRATED.1080p.BluRay.x264-GERUDO-AsRequested.mkv,AVC,8215995226,Year One,Y,Year One.avi
Year One.avi,MPEG-4 Visual,735262720,Year One,Y,Year.One.2009.UNRATED.1080p.BluRay.x264-GERUDO-AsRequested.mkv
Brave.2012.720p.BluRay.x264.AC3-HDChina.mkv,AVC,3856469558,Brave,N,
Logan (2017) Bluray-1080p.mp4,HEVC,2297520918,Logan (2017),N,
The Last Naruto the Movie (2014) Bluray-1080p.mkv,AVC,9961340495,The Last Naruto the Movie (2014),N,
My Hero Academia Two Heroes (2018) Bluray-1080p.mkv,AVC,4689192474,My Hero Academia the Movie The Two Heroes (2018),N,
R.I.P.D..2013.1080p.BluRay.x264.YIFY.mp4,AVC,1552164627,R.I.P.D,N,
Wolf Children (2012) 1080p [Jpn 5.1 & Eng] Blu-ray.mp4,AVC,2410294389,Wolf Children,N,
Subtitles.rar,,62404,Wolf Children,N,Wolf Children (2012) 1080p [Jpn 5.1 & Eng] Blu-ray.mp4
My Hero Academia - Heroes Rising (2019) Bluray-1080p.mkv,AVC,4838335310,My Hero Academia - Heroes Rising (2019),N,
The A-Team EXTENDED.mp4,AVC,2682868528,The A Team,Y,The A-Team (2010) Bluray-1080p.mkv
The A-Team (2010) Bluray-1080p.mkv,AVC,10880338153,The A Team,Y,The A-Team EXTENDED.mp4
Star Trek VI - The Undiscovered Country (1991) Bluray-1080p.mkv,HEVC,2307870147,Star Trek VI - The Undiscovered Country (1991),N,
Ant-Man.mkv,AVC,5868007301,Ant-Man (2015),N,
Kung Fu Panda 2 (2011) Bluray-1080p.mp4,AVC,1851108297,Kung Fu Panda 2 (2011),N,
The Suicide Squad (2021) Bluray-1080p.mp4,HEVC,2210961924,The Suicide Squad (2021),N,
John Wick (2014) Bluray-1080p.mkv,AVC,9721632326,John Wick (2014),N,
Rush Hour 2 (2001) Bluray-1080p.mkv,HEVC,3632434970,Rush Hour 2,N,
info.log,,1476,Rush Hour 2,N,Rush Hour 2 (2001) Bluray-1080p.mkv
Grandma's Boy (2006) Bluray-1080p.mkv,HEVC,1620750157,Grandma's Boy,N,
School of Rock (2003) Bluray-1080p.mkv,AVC,8532092128,School of Rock (2003),N,
Horrible Bosses (2011) Bluray-1080p.mp4,HEVC,1767087593,Horrible Bosses,Y,Horrible Bosses.avi
Horrible Bosses.avi,MPEG-4 Visual,733962240,Horrible Bosses,Y,Horrible Bosses (2011) Bluray-1080p.mp4
Epic.2013.720p.BluRay.x264.YIFY.mp4,AVC,846685030,Epic,N,
Grown Ups 2 (2013) Bluray-1080p.mkv,HEVC,7754602124,Grown Ups 2,Y,Grown Ups 2.mp4
Grown Ups 2.mp4,AVC,1555220705,Grown Ups 2,Y,Grown Ups 2 (2013) Bluray-1080p.mkv
Pirates of the Caribbean - At World's End (2007) Bluray-1080p.mp4,AVC,3257365730,Pirates of the Caribbean - At World's End (2007),N,
Dragon Ball Z Battle of Gods 2013 Extended US BluRay 720p DTS x264-MgB [ETRG].mkv,AVC,3764058674,Dragon Ball Z Battle of Gods,N,
The Benchwarmers (2006) Bluray-1080p.mkv,AVC,4842693472,The Benchwarmers,Y,The Benchwarmers.avi
The Benchwarmers.avi,MPEG-4 Visual,733726720,The Benchwarmers,Y,The Benchwarmers (2006) Bluray-1080p.mkv
The Circle (2017) Bluray-1080p.mp4,HEVC,1835773121,The Circle (2017),N,
The.Bourne.Identity.2002.720p.BrRip.x264.YIFY.mp4,AVC,838941018,The Bourne identity,N,
The Land Before Time VIII - The Big Freeze (2001) WEBRip-1080p.mkv,AVC,2093409881,The Land Before Time VIII - The Big Freeze (2001),N,
The.Heat.2013.1080p.BluRay.x264.YIFY.mp4,AVC,1981289738,The Heat,N,
Ready Player One (2018) Bluray-2160p.mkv,HEVC,6471674097,Ready Player One (2018),N,
Jojo Rabbit (2019) Bluray-1080p.mkv,AVC,5203581681,Jojo Rabbit (2019),N,
Monsters Inc.avi,MPEG-4 Visual,886263844,Monsters Inc,Y,"Monsters, Inc. (2001) Bluray-1080p.mkv"
"Monsters, Inc. (2001) Bluray-1080p.mkv",HEVC,6201794116,Monsters Inc,Y,Monsters Inc.avi
V for Vendetta (2006) Bluray-1080p Proper.mkv,AVC,5034879834,V for Vendetta (2006),N,
Finding Dory.mkv,AVC,7041464887,Finding Dory (2016),Y,Finding Dory-trailer.mov
Finding Dory-trailer.mov,AVC,67968061,Finding Dory (2016),Y,Finding Dory.mkv
defaced-litfockers-xvid.avi,MPEG-4 Visual,735569920,Little Fockers,Y,Little Fockers (2010) Bluray-1080p.mkv
Little Fockers (2010) Bluray-1080p.mkv,HEVC,2774637754,Little Fockers,Y,defaced-litfockers-xvid.avi
Walking.with.Dinosaurs.3D.2013.1080p.BluRay.x264.YIFY.mp4,AVC,1327235912,Walking with Dinosaurs,N,
The Hangover Part II (2011) Bluray-1080p.mp4,HEVC,1703434001,The Hangover Part II (2011),N,
The Shawshank Redemption (1994) Bluray-1080p.mp4,AVC,2918626831,The Shawshank Redemption (1994),N,
Cars 3 (2017) Bluray-1080p.mp4,AVC,4292024622,Cars 3 (2017),N,
1977 - The Rescuers.avi,MPEG-4 Visual,732403712,The Rescuers,N,
The Arrow.mkv,AVC,1948682005,The Arrow,N,
The Land Before Time (1988) Bluray-1080p.mkv,AVC,5863637671,The Land Before Time (1988),N,
Over the Hedge.avi,AVC,688511708,Over the Hedge,Y,Over the Hedge (2006) Bluray-1080p.mkv
Over the Hedge (2006) Bluray-1080p.mkv,HEVC,6442239510,Over the Hedge,Y,Over the Hedge.avi
The Time Machine (2002) Bluray-1080p.mkv,AVC,7495696693,The Time Machine (2002),N,
Team America - World Police (2004) Bluray-1080p.mp4,AVC,2000652429,Team America - World Police (2004),N,
Austin Powers - International Man of Mystery (1997) Bluray-1080p.mkv,AVC,8532807786,Austin Powers - International Man of Mystery (1997),N,
Tomorrowland.avi,MPEG-4 Visual,1495914996,Tomorrowland (2015),N,
Life of Pi.mkv,AVC,7043948933,Life of Pi (2012),N,
Maze Runner The Scorch Trials.mkv,AVC,7635525243,Maze Runner The Scorch Trials (2015),N,
Twilight Saga 03 - Eclipse.mp4,AVC,735025857,The Twilight Saga,Y,"Twilight Saga 02 - New Moon.mp4, Twilight Saga 04 - Breaking Dawn Part 1.mp4, Twilight Saga 05 - Breaking Dawn Part 2.mp4, Twilight Saga 01 - Twilight.mp4, The Twilight Saga - Eclipse (2010) Bluray-1080p.mkv"
Twilight Saga 02 - New Moon.mp4,AVC,736343937,The Twilight Saga,Y,"Twilight Saga 03 - Eclipse.mp4, Twilight Saga 04 - Breaking Dawn Part 1.mp4, Twilight Saga 05 - Breaking Dawn Part 2.mp4, Twilight Saga 01 - Twilight.mp4, The Twilight Saga - Eclipse (2010) Bluray-1080p.mkv"
Twilight Saga 04 - Breaking Dawn Part 1.mp4,AVC,788415125,The Twilight Saga,Y,"Twilight Saga 03 - Eclipse.mp4, Twilight Saga 02 - New Moon.mp4, Twilight Saga 05 - Breaking Dawn Part 2.mp4, Twilight Saga 01 - Twilight.mp4, The Twilight Saga - Eclipse (2010) Bluray-1080p.mkv"
Twilight Saga 05 - Breaking Dawn Part 2.mp4,AVC,944145911,The Twilight Saga,Y,"Twilight Saga 03 - Eclipse.mp4, Twilight Saga 02 - New Moon.mp4, Twilight Saga 04 - Breaking Dawn Part 1.mp4, Twilight Saga 01 - Twilight.mp4, The Twilight Saga - Eclipse (2010) Bluray-1080p.mkv"
Twilight Saga 01 - Twilight.mp4,AVC,733876070,The Twilight Saga,Y,"Twilight Saga 03 - Eclipse.mp4, Twilight Saga 02 - New Moon.mp4, Twilight Saga 04 - Breaking Dawn Part 1.mp4, Twilight Saga 05 - Breaking Dawn Part 2.mp4, The Twilight Saga - Eclipse (2010) Bluray-1080p.mkv"
The Twilight Saga - Eclipse (2010) Bluray-1080p.mkv,AVC,9375729984,The Twilight Saga,Y,"Twilight Saga 03 - Eclipse.mp4, Twilight Saga 02 - New Moon.mp4, Twilight Saga 04 - Breaking Dawn Part 1.mp4, Twilight Saga 05 - Breaking Dawn Part 2.mp4, Twilight Saga 01 - Twilight.mp4"
Airplane! (1980) Bluray-1080p.mp4,HEVC,1467469716,Airplane! (1980),N,
The Chronicles of Narnia - The Voyage of the Dawn Treader (2010) Bluray-1080p.mp4,AVC,2308312961,The Chronicles of Narnia - The Voyage of the Dawn Treader (2010),N,
Bears 2014 1080p BRRip x264 DTS-JYK.mkv,AVC,2648429960,Bears,N,
1950 - Cinderella.avi,MPEG-4 Visual,734173184,Cinderella,N,
Harry Potter 20th Anniversary - Return to Hogwarts (2022) WEBDL-1080p.mkv,AVC,6658335512,Harry Potter 20th Anniversary - Return to Hogwarts (2022),N,
Spy.mkv,AVC,2491780292,Spy (2015),N,
Red.avi,MPEG-4 Visual,986618748,Red,N,
Airplane II - The Sequel (1982) Bluray-1080p.mp4,HEVC,1409270416,Airplane II - The Sequel (1982),N,
The.Hobbit.An.Unexpected.Journey.2012.1080p.BRrip.x264.GAZ.YIFY.mp4,AVC,2684228434,The Hobbit,Y,The.Hobbit.The.Desolation.of.Smaug.2013.1080p.BluRay.x264.YIFY.mp4
The.Hobbit.The.Desolation.of.Smaug.2013.1080p.BluRay.x264.YIFY.mp4,AVC,2208430540,The Hobbit,Y,The.Hobbit.An.Unexpected.Journey.2012.1080p.BRrip.x264.GAZ.YIFY.mp4
How to Train Your Dragon.avi,MPEG-4 Visual,732776448,How to Train Your Dragon,Y,How to Train Your Dragon (2010) Bluray-720p.mkv
How to Train Your Dragon (2010) Bluray-720p.mkv,AVC,2003459699,How to Train Your Dragon,Y,How to Train Your Dragon.avi
PAW Patrol - The Mighty Movie (2023) WEBDL-1080p.mkv,AVC,4963024377,PAW Patrol - The Mighty Movie (2023),N,
Star Trek IV - The Voyage Home (1986) Bluray-1080p.mkv,AVC,11741409110,Star Trek IV - The Voyage Home (1986),N,
Godzilla vs. Kong (2021) WEBDL-2160p.mkv,HEVC,17059179872,Godzilla vs. Kong (2021),N,
2002 - Tarzan & Jane.avi,MPEG-4 Visual,733833216,Tarzan & Jane,N,
African Cats.avi,MPEG-4 Visual,1554219008,African Cats,Y,African Cats (2011) WEBDL-1080p.mkv
African Cats (2011) WEBDL-1080p.mkv,AVC,6669595786,African Cats,Y,African Cats.avi
Austin Powers - The Spy Who Shagged Me (1999) Bluray-1080p.mkv,AVC,8532557409,Austin Powers - The Spy Who Shagged Me (1999),N,
Bumblebee (2018) Bluray-1080p.mp4,AVC,1959019713,Bumblebee (2018),N,
2006 - Brother Bear 2.avi,MPEG-4 Visual,660111508,Brother Bear 2,N,
The Sorcerer's Apprentice.avi,MPEG-4 Visual,6177061520,The Sorcerer's Apprentice,Y,The Sorcerer's Apprentice (2010) Bluray-1080p.mkv
The Sorcerer's Apprentice (2010) Bluray-1080p.mkv,AVC,10870887670,The Sorcerer's Apprentice,Y,The Sorcerer's Apprentice.avi
X-Men Origins - Wolverine (2009) Bluray-1080p.mp4,HEVC,1796382023,X-Men Origins Wolverine,N,
Billy.Madison.1995.BluRay.720p.x264.YIFY.mkv,AVC,680394533,Billy Madison,N,
Planes.2013.1080p.BluRay.x264.YIFY.mp4,AVC,1543688461,Planes,N,
Underworld Evolution.mkv,AVC,4695034859,Underworld Evolution (2006),N,
Evolution.2001.720p.BrRip.x264.YIFY.mp4,AVC,787257659,Evolution,N,
The Secret Life of Pets.mkv,AVC,1992281893,"Secret Life of Pets, The (2016)",N,
Teenage.Mutant.Ninja.Turtles.2014.1080p.BluRay.x264.YIFY.mp4,AVC,1756566641,Teenage Mutant Ninja Turtles (2014),N,
Venom (2018) Bluray-1080p.mp4,AVC,1920632518,Venom (2018),N,
Toy Story 4 (2019) Bluray-1080p.mp4,AVC,3324533514,Toy Story 4 (2019),N,
Gladiator (2000) Bluray-1080p.mp4,HEVC,2861077568,Gladiator,N,
Losers.avi,MPEG-4 Visual,732569600,The Losers,Y,The Losers (2010) Bluray-1080p.mkv
The Losers (2010) Bluray-1080p.mkv,AVC,6390493626,The Losers,Y,Losers.avi
Cinderella.mkv,AVC,5864325598,Cinderella (2015),N,
The Interview (1080p).mp4,AVC,3038286450,The Interview,N,
Zootopia.sub.random-70OKTSUQ,,23719936,Zootopia (2016),N,Zootopia.mkv
Zootopia.mkv,AVC,5867488699,Zootopia (2016),N,
10000.BC.2008.1080p.x265-ZiTO.mkv,HEVC,1847258091,"10,000 BC",N,
"10,000 BC Sample.mp4",AVC,19111266,"Subtitle,Sample,info",N,
Independence Day Resurgence.mkv,HEVC,9834969920,Independence Day Resurgence (2016),N,
ponyo_on_the_cliff_by_the_sea[1920x1040.h264.flac.ac3][niizk].mkv,AVC,9042023550,Ponyo,N,
The 40 Year Old Virgin (2005) Bluray-1080p.mp4,AVC,2710116657,The 40 Year Old Virgin,Y,The 40 Year Old Virgin.mp4
The 40 Year Old Virgin.mp4,AVC,736725688,The 40 Year Old Virgin,Y,The 40 Year Old Virgin (2005) Bluray-1080p.mp4
Spider.Man.2002.1080p.BluRay.x264.YIFY.mp4,AVC,1979695887,Spider Man,N,
Fear.And.Loathing.In.Las.Vegas.1998.720p.BrRip.x264.YIFY.mp4,AVC,683427032,Fear And Loathing In Las Vegas,N,
Rise of the Planet of the Apes (2011) Bluray-1080p.mkv,AVC,8524646761,Rise of the Planet of the Apes (2011),N,
Limitless.avi,MPEG-4 Visual,729612364,Limitless,Y,Limitless (2011) Bluray-1080p.mkv
Limitless (2011) Bluray-1080p.mkv,HEVC,6485034668,Limitless,Y,Limitless.avi
Spider.Man.3.2007.1080p.BluRay.x264.YIFY.mp4,AVC,2202552518,Spider Man 3,N,
Kiki's Delivery Service (1989) Bluray-1080p.mkv,AVC,14433777095,Kiki's Delivery Service (1989),N,
American Reunion (2012) HDTV-720p.avi,MPEG-4 Visual,2904150016,American Reunion,Y,American.Reunion.UNRATED.720p.BluRay.X264-BLOW.mkv
American.Reunion.UNRATED.720p.BluRay.X264-BLOW.mkv,AVC,5862985837,American Reunion,Y,American Reunion (2012) HDTV-720p.avi
"The Chronicles of Narnia - The Lion, the Witch and the Wardrobe (2005) Bluray-1080p.mp4",AVC,2925030060,"The Chronicles of Narnia - The Lion, the Witch and the Wardrobe (2005)",N,
Space Jam 720p.mkv,AVC,2216986191,Space Jam,N,
Scream.2022.1080p.WEB.H264-BGE.mkv,AVC,6127833479,Scream (2022),N,
Meet the Parents (2000) Bluray-1080p.mkv,HEVC,6644743404,Meet the Parents,Y,Meet.The.Parents.720p.x264.BrRip.YIFY.mkv
Meet.The.Parents.720p.x264.BrRip.YIFY.mkv,AVC,575773895,Meet the Parents,Y,Meet the Parents (2000) Bluray-1080p.mkv
All Quiet on the Western Front (2022) WEBDL-1080p.mkv,AVC,6390301734,All Quiet on the Western Front (2022),N,
PAW Patrol - The Movie (2021) Bluray-1080p.mp4,HEVC,1437043904,PAW Patrol - The Movie (2021),N,
Eragon (2006) Bluray-1080p.mkv,AVC,8533350082,Eragon (2006),N,
1994 - Aladdin.avi,MPEG-4 Visual,869096258,Aladdin,N,
Spider-Man Homecoming (2017) Bluray-1080p.mp4,AVC,4701776491,Spider-Man Homecoming (2017),N,
Atlantis - The Lost Empire (2001) Bluray-1080p.mp4,HEVC,1602829272,Atlantis The Lost Empire,N,
22.Jump.Street.2014.1080p.BluRay.x264.YIFY.mp4,AVC,1773680295,22 Jump Street,N,
Star Wars The Last Jedi (2017) Bluray-1080p.mkv,AVC,11739091190,Star Wars The Last Jedi (2017),N,
Jurassic World Dominion (2022) Bluray-1080p.mkv,AVC,11015026895,Jurassic World Dominion (2022),N,
Wonder Woman 1984 (2020) Bluray-2160p.mkv,HEVC,7260548591,Wonder Woman 1984 (2020),N,
Collateral Beauty (2016) Bluray-1080p.mkv,AVC,12611605162,Collateral Beauty (2016),N,
Unhinged (2020) Bluray-2160p.mkv,HEVC,13473975113,Unhinged (2020),N,
Shrek.avi,MPEG-4 Visual,940732416,Shrek,N,
Ocean's Thirteen (2007) Bluray-1080p.mp4,AVC,2500964048,Ocean's Thirteen (2007),N,
Ender's.Game.2013.1080p.BluRay.x264.YIFY.mp4,AVC,1773207712,Ender's Game,N,
Jumanji - Welcome to the Jungle (2017) Bluray-1080p.mp4,HEVC,1987073002,Jumanji Welcome to the Jungle (2017),N,
Fantastic Beasts and Where to Find Them (2016) Bluray-1080p.mp4,HEVC,2222247157,Fantastic Beasts and Where to Find Them (2016),N,
Snatch.avi,MPEG-4 Visual,1319573952,Snatch,Y,Snatch (2000) Bluray-1080p.mkv
Snatch (2000) Bluray-1080p.mkv,AVC,8531097213,Snatch,Y,Snatch.avi
Hocus.Pocus.1993.1080p.BrRip.x264.YIFY.mp4,AVC,1344389349,Hocus Pocus,N,
Ratatouille (2007) Bluray-1080p.mp4,HEVC,1849465669,Ratatouille,N,
1970 - The Aristocats.avi,MPEG-4 Visual,759199984,The Aristocats,N,
"Bon Cop, Bad Cop (2006).avi",MPEG-4 Visual,736749568,"Bon Cop, Bad Cop",N,
X-Men Apocalypse (2016) Bluray-1080p.mp4,AVC,2362991508,X-Men Apocalypse (2016),N,
Monster.House.2006.720p.BluRay.x264.YIFY.mp4,AVC,629736295,Monster House,N,
Ghost Rider 2007 720p BRRip [A Release-Lounge H264].mp4,AVC,2417526603,Ghost Rider,N,
Terminator Genisys.mkv,AVC,2026215077,Terminator Genisys (2015),N,
Harry Potter and the Order of the Phoenix (2007) Bluray-1080p.mp4,AVC,2831003233,Harry Potter and the Order of the Phoenix (2007),N,
Ace Ventura - Pet Detective (1994) HDTV-1080p.mp4,AVC,1321344226,Ace Ventura - Pet Detective,Y,Ace Ventura - Pet Detective.avi
Ace Ventura - Pet Detective.avi,MPEG-4 Visual,719507456,Ace Ventura - Pet Detective,Y,Ace Ventura - Pet Detective (1994) HDTV-1080p.mp4
The Land Before Time XIII - The Wisdom of Friends (2007) WEBRip-1080p.mp4,HEVC,1264897589,The Land Before Time XIII - The Wisdom of Friends (2007),N,
300.Rise.of.an.Empire.2014.1080p.BluRay.x264.YIFY.mp4,AVC,1761974989,300 Rise of an Empire,N,
Baby Driver (2017) Bluray-1080p.mkv,AVC,9239122606,Baby Driver (2017),N,
Anger Management(2003)-DVDRip-XviD ~ Smeet.avi,MPEG-4 Visual,733572300,Anger Management,N,
Charlie and the Chocolate Factory.mkv,AVC,4696390189,Charlie and the Chocolate Factory (2005),N,
Zoolander (2001) Bluray-720p.mkv,AVC,2012596019,Zoolander,N,
Spirited Away 720p HDTV.mkv,AVC,3903069341,Spirited Away,N,
Fun with Dick and Jane (2005) WEBDL-1080p.mkv,AVC,7890850885,Fun With Dick And Jane,Y,Fun With Dick And Jane.avi
Fun With Dick And Jane.avi,MPEG-4 Visual,733888512,Fun With Dick And Jane,Y,Fun with Dick and Jane (2005) WEBDL-1080p.mkv
Megamind.mp4,AVC,1125615723,Megamind,N,
1940 - Fantasia.avi,MPEG-4 Visual,729681920,Fantasia,N,
1940 - Pinocchio.avi,MPEG-4 Visual,728352768,Pinocchio,N,
Scott Pilgrim vs. the World (2010) Bluray-1080p.mp4,AVC,1769491290,Scott Pilgrim Vs The World,N,
Split (2017) Bluray-1080p.mp4,AVC,4125263164,Split (2017),N,
Waiting. (2005) Bluray-1080p.mkv,AVC,8532702372,Waiting. (2005),N,
Jeff Dunham - Relative Disaster (2017) WEBDL-1080p.mkv,AVC,2044393928,Jeff Dunham - Relative Disaster (2017),N,
Downsizing (2017) Bluray-1080p.mp4,HEVC,2261932556,Downsizing (2017),N,
Star Trek - Insurrection (1998) Bluray-1080p.mkv,AVC,9394347154,Star Trek - Insurrection (1998),N,
8 Mile (2002) Bluray-1080p.mkv,AVC,9406204145,8 Mile (2002),N,
The.Watch.2012.DVDRip.XViD-PLAYNOW.avi,MPEG-4 Visual,1215408128,The Watch,N,
Rogue One - A Star Wars Story (2016) Bluray-1080p.mp4,AVC,5304513139,Rogue One - A Star Wars Story (2016),N,
Raiders of the Lost Ark (1981) Bluray-1080p.mkv,AVC,3219971860,Raiders of the Lost Ark (1981),N,
Spider-Man Into the Spider-Verse (2018) Bluray-1080p.mkv,AVC,5868810727,Spider-Man Into the Spider-Verse (2018),N,
Vacation.mkv,AVC,3647008286,Vacation (2015),N,
Dumb.And.Dumber.1994.1080p.BluRay.x264.YIFY.mp4,AVC,1608779326,Dumb and Dumber,N,
The.Hunger.Games.Catching.Fire.2013.1080p.BluRay.x264.YIFY.mp4,AVC,2197856693,The Hunger Games Catching Fire,N,
"Crouching Tiger, Hidden Dragon - Sword of Destiny (2016) Bluray-1080p.mp4",AVC,2096306669,"Crouching Tiger, Hidden Dragon",N,
"Crouching Tiger, Hidden Dragon.m4v",AVC,1392640868,"Crouching Tiger, Hidden Dragon",N,"Crouching Tiger, Hidden Dragon - Sword of Destiny (2016) Bluray-1080p.mp4"
The.Bourne.Ultimatum.2007.720p.BrRip.x264.YIFY.mp4,AVC,786970327,The Bourne Ultimatum,N,
Ice Age.mkv,AVC,6002817845,Ice Age (2002),N,
Fate+stay night - Heaven's Feel II. Lost Butterfly (2019) Bluray-1080p.mkv,AVC,2113524270,Fate+stay night - Heaven's Feel II. Lost Butterfly (2019),N,
Ice Age Collision Course.mkv,AVC,4695285987,Ice Age Collision Course (2016),N,
Wanted (2008) Bluray-1080p.mp4,HEVC,1837232891,Wanted,N,
Jeff Dunham - Birth of a Dummy (2011) HDTV-720p Proper.mkv,AVC,2639040228,Jeff Dunham - Birth of a Dummy (2011),N,
My Hero Academia - World Heroes' Mission (2021) Bluray-1080p.mkv,HEVC,3173823232,My Hero Academia - World Heroes' Mission (2021),N,
03 - Back to the Future III.avi,MPEG-4 Visual,1713845170,Back to the Future Part III,Y,Back to the Future Part III (1990) WEBDL-1080p.mkv
Back to the Future Part III (1990) WEBDL-1080p.mkv,HEVC,6120894468,Back to the Future Part III,Y,03 - Back to the Future III.avi
Shrek 2.avi,MPEG-4 Visual,1468024832,Shrek 2,N,
Moana.mkv,AVC,5868254955,Moana (2016),N,
Transformers - Rise of the Beasts (2023) WEBDL-1080p Proper.mkv,AVC,10220667622,Transformers - Rise of the Beasts (2023),N,
Ghostbusters.m4v,AVC,1136927940,Ghostbusters,N,Ghostbusters.Afterlife.2021.1080p.WEBRip.DDP5.1.Atmos.x264-CM.mkv
Ghostbusters 2.m4v,AVC,1211696668,Ghostbusters,N,Ghostbusters.Afterlife.2021.1080p.WEBRip.DDP5.1.Atmos.x264-CM.mkv
Ghostbusters.Afterlife.2021.1080p.WEBRip.DDP5.1.Atmos.x264-CM.mkv,AVC,6903453211,Ghostbusters,N,
1996 - The Hunchback of Notre Dame.avi,MPEG-4 Visual,875446210,The Hunchback of Notre Dame,N,
Jeff Dunham - Jeff Dunham's Very Special Christmas Special (2008) Bluray-1080p.mkv,AVC,7042057781,Jeff Dunham - Jeff Dunham's Very Special Christmas Special (2008),N,
The Butterfly Effect (2004) Bluray-1080p Proper.mkv,AVC,16312732761,The Butterfly Effect (2004),N,
Hot Tub Time Machine 2.mkv,AVC,4690395638,Hot Tub Time Machine 2 (2015),N,
Stardust 2007 HD 720p.mp4,AVC,1763552356,Stardust,N,
Jeff Dunham - Controlled Chaos (2011) WEBDL-1080p.mp4,HEVC,7176653030,Jeff Dunham - Controlled Chaos (2011),N,
John Tucker Must Die.mkv,AVC,4681888790,John Tucker Must Die (2006),N,
Pirates of the Caribbean - On Stranger Tides (2011) Bluray-1080p.mp4,AVC,2618337203,Pirates of the Caribbean - On Stranger Tides (2011),N,
Pixels (2015) WEBDL-1080p.mkv,HEVC,3367068928,Pixels (2015),N,
Anchorman The Legend of Ron Burgundy.mkv,AVC,8219633764,Anchorman The Legend of Ron Burgundy (2004),N,
Blow (2001) Bluray-1080p.mp4,HEVC,2064637373,Blow,N,
The Incredible Hulk (2008) Bluray-1080p.mkv,HEVC,5418332668,The Incredible Hulk,N,
Bicentennial.Man.1999.720p.WEBDL.{Obit11}.【ThumperDC】.mkv,AVC,1176443746,Bicentennial Man,N,
Avengers Endgame (2019) Bluray-2160p.mkv,HEVC,14302907442,Avengers Endgame (2019),N,
What Happens in Vegas (2008) Bluray-1080p.mp4,AVC,2063948867,What Happens in Vegas (2008),Y,What Happens in Vegas.avi
What Happens in Vegas.avi,MPEG-4 Visual,736264192,What Happens in Vegas (2008),Y,What Happens in Vegas (2008) Bluray-1080p.mp4
The.Santa.Clause.1994.1080p.BrRip.x264.YIFY.mp4,AVC,1398895210,The Santa Clause,N,
The.Lego.Movie.2014.1080p.BluRay.x264.YIFY.mp4,AVC,1549304450,The Lego Movie,N,
2003 - 101 Dalmatians 2 - Patch's London Adventure.avi,MPEG-4 Visual,709932272,101 Dalmatians 2 - Patch's London Adventure,N,
1941 - Dumbo.avi,MPEG-4 Visual,839168000,Dumbo,N,
Dark Shadows[2012]BRRip XviD-ETRG.avi,MPEG-4 Visual,732603396,Dark Shadows,N,
The Matrix Resurrections (2021) WEBDL-1080p.mkv,HEVC,8023795950,The Matrix Resurrections (2021),N,
Harry Potter and the Deathly Hallows Part 2 (2011) Bluray-1080p.mp4,AVC,2672343768,Harry Potter and the Deathly Hallows Part 2 (2011),N,
1953 - Peter Pan.avi,MPEG-4 Visual,743425156,Peter Pan,N,
Soldiers of Fortune.avi,MPEG-4 Visual,1486575616,Soldiers of Fortune,N,
Titan A.E. (2000) WEBDL-1080p.mkv,AVC,7430415775,Titan A.E. (2000),N,
Indiana Jones and the Last Crusade (1989) Bluray-1080p.mkv,HEVC,6441290702,Indiana Jones and the Last Crusade (1989),N,
Ted 2 (2015) Bluray-1080p.mkv,AVC,3124944002,Ted 2 (2015),N,
Trigun- Badlands Rumble.mkv,AVC,476404953,Trigun - Badlands Rumble,N,
The.Hunger.Games.720p.BluRay.X264-BLOW.mkv,AVC,7033432358,The Hunger Games,Y,The Hunger Games (2012) Bluray-1080p.mp4
The Hunger Games (2012) Bluray-1080p.mp4,HEVC,2383636625,The Hunger Games,Y,The.Hunger.Games.720p.BluRay.X264-BLOW.mkv
That.Awkward.Moment.2014.1080p.BluRay.x264.YIFY.mp4,AVC,1545243442,That Awkward Moment,N,
The Secret of NIMH.mkv,AVC,4684972890,"Secret of NIMH, The (1982)",N,
Rush.Hour.1.1998.720p.BRrip.x264.YIFY.mp4,AVC,734413400,Rush Hour 1,N,
Harry Potter and the Philosopher's Stone (2001) Bluray-1080p Proper.mkv,AVC,11741428253,Harry Potter and the Philosopher's Stone (2001),N,
Fly.Away.Home.1996.Bluray.720p.DTS.x264-CHD.mkv,AVC,4687176603,Fly Away Home,N,
The Land Before Time XII - The Great Day of the Flyers (2006) WEBRip-1080p.mkv,AVC,3811029997,The Land Before Time XII - The Great Day of the Flyers (2006),N,
Yu-Gi-Oh! The Dark Side of Dimensions (2016) Bluray-1080p.mkv,AVC,9356954779,Yu-Gi-Oh! The Dark Side of Dimensions (2016),N,
2000 - The Emperor's New Groove.avi,MPEG-4 Visual,642883950,The Emperor's New Groove,N,
Madagascar.3.Europes.Most.Wanted.2012.DVDRip.XViD-PLAYNOW.avi,MPEG-4 Visual,742848512,Madagascar - Europe's Most Wanted,N,
San Andreas.mkv,AVC,4693276462,San Andreas (2015),N,
Victor Frankenstein (2015) Bluray-1080p Proper.mp4,AVC,2248584608,Victor Frankenstein (2015),N,
Ice Age The Meltdown.mkv,AVC,4909164386,Ice Age The Meltdown (2006),N,
Star Trek III - The Search for Spock (1984) Bluray-1080p.mp4,AVC,2154486977,Star Trek III - The Search for Spock (1984),N,
You.Don't.Mess.With.The.Zohan[2008][Unrated.Edition]DvDrip-aXXo.avi,MPEG-4 Visual,735156224,You Don't Mess with the Zohan,N,
Dragon Ball Super Broly (2018) Bluray-1080p.mkv,AVC,5867890119,Dragon Ball Super Broly (2018),N,
Wonder Woman (2017) Bluray-1080p.mp4,HEVC,2364169584,Wonder Woman (2017),N,
Star Trek - The Motion Picture (1979) Bluray-1080p.mkv,AVC,10558559755,Star Trek - The Motion Picture (1979),N,
The Land Before Time VII - The Stone of Cold Fire (2000) WEBRip-1080p.mp4,HEVC,1241434290,The Land Before Time VII - The Stone of Cold Fire (2000),N,
Beauty and the Beast (2017) Bluray-1080p.mkv,AVC,14151951231,Beauty and the Beast (2017),N,
Super Troopers.avi,MPEG-4 Visual,732018688,Super Troopers,N,
American Wedding.mkv,AVC,4693658932,American Wedding (2003),N,
EuroTrip (2004) HDTV-1080p.mp4,AVC,1490901752,EuroTrip (Unrated) (2004),N,
1985 - The Black Cauldron.avi,MPEG-4 Visual,733767680,The Black Cauldron,N,
Teenage.Mutant.Ninja.Turtles.3.The.Sacred.Scroll.of.Death.1993.1080p.BluRay.x265-RARBG.mp4,HEVC,1610329783,Teenage Mutant Ninja Turtles III,Y,Teenage Mutant Ninja Turtles 3.mp4
Teenage Mutant Ninja Turtles 3.mp4,AVC,3243423817,Teenage Mutant Ninja Turtles III,Y,Teenage.Mutant.Ninja.Turtles.3.The.Sacred.Scroll.of.Death.1993.1080p.BluRay.x265-RARBG.mp4
Teenage Mutant Ninja Turtles 3 Sample.mp4,AVC,44806358,Sample,N,
Shes Out Of My League.avi,MPEG-4 Visual,686222314,She's out Of My League,N,
2005 - Tarzan II.avi,MPEG-4 Visual,927922176,Tarzan II,N,
Incredibles 2 (2018) Bluray-1080p.mkv,AVC,5868388881,Incredibles 2 (2018),N,
The Land Before Time VI - The Secret of Saurus Rock (1998) WEBDL-1080p.mkv,AVC,5454127690,The Land Before Time VI - The Secret of Saurus Rock (1998),N,
Hitchhiker's Guide to the Galaxy.m4v,AVC,1465526528,Hitchhiker's Guide to the Galaxy,N,The Hitchhiker's Guide to the Galaxy (2005) Bluray-720p.avi
The Hitchhiker's Guide to the Galaxy (2005) Bluray-720p.avi,MPEG-4 Visual,2773702656,Hitchhiker's Guide to the Galaxy,N,
Delivery.Man.2013.1080p.BluRay.x264.YIFY.mp4,AVC,1766992496,Delivery Man,N,
War for the Planet of the Apes (2017) Bluray-1080p Proper.mkv,HEVC,2408205505,War for the Planet of the Apes (2017),N,
Black Panther (2018) Bluray-1080p.mkv,AVC,11734295432,Black Panther (2018),N,
1981 - The Fox and the Hound.avi,MPEG-4 Visual,735170560,The Fox and the Hound,N,
Happy Gilmore (1996) Bluray-1080p.mkv,AVC,8530350266,Happy Gilmore (1996),N,
Thor Ragnarok (2017) Bluray-1080p.mkv,AVC,11732485601,Thor Ragnarok (2017),N,
1959 - Sleeping Beauty.avi,MPEG-4 Visual,1399921804,Sleeping Beauty,N,
Tomb Raider (2018) Bluray-1080p.mkv,AVC,14141901711,Tomb Raider (2018),N,
Ocean's Thirteen (2007) Bluray-1080p.mkv,HEVC,2709772621,Ocean's 13,N,
The Flash (2023) WEBRip-1080p.mkv,AVC,10909485471,The Flash (2023),N,
Indiana Jones and the Dial of Destiny (2023) WEBRip-1080p.mp4,AVC,3168098225,Indiana Jones and the Dial of Destiny (2023),N,
"Nausicaä_of_the_Valley_of_the_Wind_(1984)_[720p,BluRay,x264]_-_THORA.md5",,108,Nausicaä of the Valley of the Wind,N,"Nausicaä_of_the_Valley_of_the_Wind_(1984)_[720p,BluRay,x264]_-_THORA.mkv"
"Nausicaä_of_the_Valley_of_the_Wind_(1984)_[720p,BluRay,x264]_-_THORA.mkv",AVC,7455126356,Nausicaä of the Valley of the Wind,N,
Deadpool.mkv,AVC,3743850099,Deadpool (2016),N,
The.Bourne.Legacy.2012.720p.BluRay.x264.mp4,AVC,944291416,The Bourne Legacy,N,
Fantastic Beasts The Crimes of Grindelwald (2018) WEBDL-1080p.mkv,AVC,4376344808,Fantastic Beasts The Crimes of Grindelwald (2018),N,
South.Park.Bigger.Longer.and.Uncut.1999.720p.BluRay.x264.YIFY.mp4,AVC,727242695,South Park Bigger Longer and Uncut,N,
sample.avi,MPEG-4 Visual,16538636,The Wolverine,Y,The.Wolverline.2013.WEB-DL.XViD-VAiN.avi
The.Wolverline.2013.WEB-DL.XViD-VAiN.avi,MPEG-4 Visual,1738825728,The Wolverine,Y,sample.avi
Shazam! Fury of the Gods (2023) Bluray-1080p Proper.mkv,HEVC,11176166692,Shazam! Fury of the Gods (2023),N,
Pitch.Black.2000.BluRay.1080p.x264.YIFY.mp4,AVC,1721910346,Pitch Black,N,
Semi-Pro.avi,MPEG-4 Visual,733888512,Semi Pro,Y,Semi-Pro (2008) Bluray-1080p.mkv
Semi-Pro (2008) Bluray-1080p.mkv,AVC,8531731501,Semi Pro,Y,Semi-Pro.avi
The Land Before Time V - The Mysterious Island (1997) WEBRip-1080p.mp4,HEVC,1227156054,The Land Before Time V - The Mysterious Island (1997),N,
Divergent.2014.RETAIL.HDRip.XviD.AC3-EVO.avi,MPEG-4 Visual,2271257380,Divergent,N,
"I,.Frankenstein.2014.1080p.BluRay.x264.YIFY.mp4",AVC,1542179383,"I, Frankenstein",N,
The Passion of the Christ (2004) Bluray-1080p.mkv,HEVC,2394109368,The Passion of the Christ (2004),N,
Balto [1995] DVDRip  [Dual Audio] [Eng-Hindi]Current_HD.mkv,MPEG-4 Visual,652231140,Balto,N,
1917 (2019) Bluray-1080p.mkv,HEVC,2861920098,1917 (2019),N,
Mary Queen of Scots (2018) Bluray-1080p.mkv,AVC,5948195713,Mary Queen of Scots (2018),N,
Harry Potter and the Goblet of Fire (2005) Bluray-1080p.mp4,AVC,3218872758,Harry Potter and the Goblet of Fire (2005),N,
Men in Black - International (2019) Bluray-1080p.mp4,AVC,3141327483,Men in Black - International (2019),N,
Warcraft.mkv,AVC,8531775334,Warcraft (2016),N,
Star Trek - Nemesis (2002) Bluray-1080p.mkv,AVC,11736709516,Star Trek - Nemesis (2002),N,
Deadpool 2 (2018) Bluray-1080p.mp4,AVC,2302084934,Deadpool 2 (2018),N,
Glass (2019) Bluray-1080p.mp4,AVC,7643893881,Glass (2019),N,
Pete's Dragon-trailer.mov,AVC,100496531,Pete's Dragon (2016),Y,Pete's Dragon.mkv
Pete's Dragon.mkv,AVC,5064574346,Pete's Dragon (2016),Y,Pete's Dragon-trailer.mov
Captain America Civil War-trailer.mov,AVC,92987205,Captain America Civil War (2016),Y,Captain America Civil War.mkv
Captain America Civil War.mkv,AVC,8809942871,Captain America Civil War (2016),Y,Captain America Civil War-trailer.mov
Super Troopers 2 (2018) WEBDL-1080p.mkv,AVC,4145712263,Super Troopers 2 (2018),N,
1967 - The Jungle Book.avi,MPEG-4 Visual,734218240,The Jungle Book,N,
Scary Movie (2000) Bluray-1080p.mkv,AVC,8534384816,Scary Movie (2000),N,
Morbius (2022) Bluray-1080p.mkv,AVC,9998391195,Morbius (2022),N,
Spirit.Stallion.of.the.Cimarron.2002.1080p.BluRay.x264.YIFY.mp4,AVC,1325854831,Spirit Stallion of the Cimarron,N,
2005 - Lilo and Stitch 2 - Stitch has a Glitch.avi,MPEG-4 Visual,683279250,Lilo and Stitch 2 - Stitch has a Glitch,N,
SuperBad.mkv,AVC,4687513025,Superbad,Y,Superbad (2007) Bluray-1080p.mp4
Superbad (2007) Bluray-1080p.mp4,AVC,4294193222,Superbad,Y,SuperBad.mkv
Blades.Of.Glory[2007]DvDrip.AC3[Eng]-aXXo.avi,MPEG-4 Visual,733747200,Blades of Glory,N,
Zombieland Double Tap (2019) Bluray-1080p.mkv,AVC,8216737206,Zombieland Double Tap (2019),N,
Power Rangers (2017) Bluray-2160p.mkv,HEVC,11791458601,Power Rangers (2017),N,
Indiana Jones and the Last Crusade (1989) Bluray-1080p.mkv,HEVC,6441290702,Indiana Jones,N,
Underworld Awakening.mkv,AVC,4691408458,Underworld Awakening (2012),N,
